[2024-08-14 04:59:50] local.ERROR: Please provide a valid cache path. {"exception":"[object] (InvalidArgumentException(code: 0): Please provide a valid cache path. at C:\\laragon\\www\\Personal\\backend-myapp-v2\\vendor\\laravel\\framework\\src\\Illuminate\\View\\Compilers\\Compiler.php:67)
[stacktrace]
#0 C:\\laragon\\www\\Personal\\backend-myapp-v2\\vendor\\laravel\\framework\\src\\Illuminate\\View\\ViewServiceProvider.php(97): Illuminate\\View\\Compilers\\Compiler->__construct(Object(Illuminate\\Filesystem\\Filesystem), false, '', true, 'php')
#1 C:\\laragon\\www\\Personal\\backend-myapp-v2\\vendor\\laravel\\framework\\src\\Illuminate\\Container\\Container.php(931): Illuminate\\View\\ViewServiceProvider->Illuminate\\View\\{closure}(Object(Illuminate\\Foundation\\Application), Array)
#2 C:\\laragon\\www\\Personal\\backend-myapp-v2\\vendor\\laravel\\framework\\src\\Illuminate\\Container\\Container.php(815): Illuminate\\Container\\Container->build(Object(Closure))
#3 C:\\laragon\\www\\Personal\\backend-myapp-v2\\vendor\\laravel\\framework\\src\\Illuminate\\Foundation\\Application.php(1046): Illuminate\\Container\\Container->resolve('blade.compiler', Array, true)
#4 C:\\laragon\\www\\Personal\\backend-myapp-v2\\vendor\\laravel\\framework\\src\\Illuminate\\Container\\Container.php(751): Illuminate\\Foundation\\Application->resolve('blade.compiler', Array)
#5 C:\\laragon\\www\\Personal\\backend-myapp-v2\\vendor\\laravel\\framework\\src\\Illuminate\\Foundation\\Application.php(1028): Illuminate\\Container\\Container->make('blade.compiler', Array)
#6 C:\\laragon\\www\\Personal\\backend-myapp-v2\\vendor\\laravel\\framework\\src\\Illuminate\\Container\\Container.php(1570): Illuminate\\Foundation\\Application->make('blade.compiler')
#7 C:\\laragon\\www\\Personal\\backend-myapp-v2\\vendor\\laravel\\framework\\src\\Illuminate\\Support\\Facades\\Facade.php(237): Illuminate\\Container\\Container->offsetGet('blade.compiler')
#8 C:\\laragon\\www\\Personal\\backend-myapp-v2\\vendor\\laravel\\framework\\src\\Illuminate\\Support\\Facades\\Facade.php(208): Illuminate\\Support\\Facades\\Facade::resolveFacadeInstance('blade.compiler')
#9 C:\\laragon\\www\\Personal\\backend-myapp-v2\\vendor\\laravel\\framework\\src\\Illuminate\\Support\\Facades\\Facade.php(351): Illuminate\\Support\\Facades\\Facade::getFacadeRoot()
#10 C:\\laragon\\www\\Personal\\backend-myapp-v2\\vendor\\blade-ui-kit\\blade-icons\\src\\BladeIconsServiceProvider.php(98): Illuminate\\Support\\Facades\\Facade::__callStatic('directive', Array)
#11 C:\\laragon\\www\\Personal\\backend-myapp-v2\\vendor\\blade-ui-kit\\blade-icons\\src\\BladeIconsServiceProvider.php(27): BladeUI\\Icons\\BladeIconsServiceProvider->bootDirectives()
#12 C:\\laragon\\www\\Personal\\backend-myapp-v2\\vendor\\laravel\\framework\\src\\Illuminate\\Container\\BoundMethod.php(36): BladeUI\\Icons\\BladeIconsServiceProvider->boot()
#13 C:\\laragon\\www\\Personal\\backend-myapp-v2\\vendor\\laravel\\framework\\src\\Illuminate\\Container\\Util.php(41): Illuminate\\Container\\BoundMethod::Illuminate\\Container\\{closure}()
#14 C:\\laragon\\www\\Personal\\backend-myapp-v2\\vendor\\laravel\\framework\\src\\Illuminate\\Container\\BoundMethod.php(93): Illuminate\\Container\\Util::unwrapIfClosure(Object(Closure))
#15 C:\\laragon\\www\\Personal\\backend-myapp-v2\\vendor\\laravel\\framework\\src\\Illuminate\\Container\\BoundMethod.php(35): Illuminate\\Container\\BoundMethod::callBoundMethod(Object(Illuminate\\Foundation\\Application), Array, Object(Closure))
#16 C:\\laragon\\www\\Personal\\backend-myapp-v2\\vendor\\laravel\\framework\\src\\Illuminate\\Container\\Container.php(690): Illuminate\\Container\\BoundMethod::call(Object(Illuminate\\Foundation\\Application), Array, Array, NULL)
#17 C:\\laragon\\www\\Personal\\backend-myapp-v2\\vendor\\laravel\\framework\\src\\Illuminate\\Foundation\\Application.php(1119): Illuminate\\Container\\Container->call(Array)
#18 C:\\laragon\\www\\Personal\\backend-myapp-v2\\vendor\\laravel\\framework\\src\\Illuminate\\Foundation\\Application.php(1100): Illuminate\\Foundation\\Application->bootProvider(Object(BladeUI\\Icons\\BladeIconsServiceProvider))
#19 [internal function]: Illuminate\\Foundation\\Application->Illuminate\\Foundation\\{closure}(Object(BladeUI\\Icons\\BladeIconsServiceProvider), 'BladeUI\\\\Icons\\\\B...')
#20 C:\\laragon\\www\\Personal\\backend-myapp-v2\\vendor\\laravel\\framework\\src\\Illuminate\\Foundation\\Application.php(1099): array_walk(Array, Object(Closure))
#21 C:\\laragon\\www\\Personal\\backend-myapp-v2\\vendor\\laravel\\framework\\src\\Illuminate\\Foundation\\Bootstrap\\BootProviders.php(17): Illuminate\\Foundation\\Application->boot()
#22 C:\\laragon\\www\\Personal\\backend-myapp-v2\\vendor\\laravel\\framework\\src\\Illuminate\\Foundation\\Application.php(316): Illuminate\\Foundation\\Bootstrap\\BootProviders->bootstrap(Object(Illuminate\\Foundation\\Application))
#23 C:\\laragon\\www\\Personal\\backend-myapp-v2\\vendor\\laravel\\framework\\src\\Illuminate\\Foundation\\Http\\Kernel.php(187): Illuminate\\Foundation\\Application->bootstrapWith(Array)
#24 C:\\laragon\\www\\Personal\\backend-myapp-v2\\vendor\\laravel\\framework\\src\\Illuminate\\Foundation\\Http\\Kernel.php(171): Illuminate\\Foundation\\Http\\Kernel->bootstrap()
#25 C:\\laragon\\www\\Personal\\backend-myapp-v2\\vendor\\laravel\\framework\\src\\Illuminate\\Foundation\\Http\\Kernel.php(145): Illuminate\\Foundation\\Http\\Kernel->sendRequestThroughRouter(Object(Illuminate\\Http\\Request))
#26 C:\\laragon\\www\\Personal\\backend-myapp-v2\\vendor\\laravel\\framework\\src\\Illuminate\\Foundation\\Application.php(1188): Illuminate\\Foundation\\Http\\Kernel->handle(Object(Illuminate\\Http\\Request))
#27 C:\\laragon\\www\\Personal\\backend-myapp-v2\\public\\index.php(17): Illuminate\\Foundation\\Application->handleRequest(Object(Illuminate\\Http\\Request))
#28 C:\\laragon\\www\\Personal\\backend-myapp-v2\\vendor\\laravel\\framework\\src\\Illuminate\\Foundation\\resources\\server.php(23): require_once('C:\\\\laragon\\\\www\\\\...')
#29 {main}
"} 
[2024-08-14 04:59:53] local.ERROR: Please provide a valid cache path. {"exception":"[object] (InvalidArgumentException(code: 0): Please provide a valid cache path. at C:\\laragon\\www\\Personal\\backend-myapp-v2\\vendor\\laravel\\framework\\src\\Illuminate\\View\\Compilers\\Compiler.php:67)
[stacktrace]
#0 C:\\laragon\\www\\Personal\\backend-myapp-v2\\vendor\\laravel\\framework\\src\\Illuminate\\View\\ViewServiceProvider.php(97): Illuminate\\View\\Compilers\\Compiler->__construct(Object(Illuminate\\Filesystem\\Filesystem), false, '', true, 'php')
#1 C:\\laragon\\www\\Personal\\backend-myapp-v2\\vendor\\laravel\\framework\\src\\Illuminate\\Container\\Container.php(931): Illuminate\\View\\ViewServiceProvider->Illuminate\\View\\{closure}(Object(Illuminate\\Foundation\\Application), Array)
#2 C:\\laragon\\www\\Personal\\backend-myapp-v2\\vendor\\laravel\\framework\\src\\Illuminate\\Container\\Container.php(815): Illuminate\\Container\\Container->build(Object(Closure))
#3 C:\\laragon\\www\\Personal\\backend-myapp-v2\\vendor\\laravel\\framework\\src\\Illuminate\\Foundation\\Application.php(1046): Illuminate\\Container\\Container->resolve('blade.compiler', Array, true)
#4 C:\\laragon\\www\\Personal\\backend-myapp-v2\\vendor\\laravel\\framework\\src\\Illuminate\\Container\\Container.php(751): Illuminate\\Foundation\\Application->resolve('blade.compiler', Array)
#5 C:\\laragon\\www\\Personal\\backend-myapp-v2\\vendor\\laravel\\framework\\src\\Illuminate\\Foundation\\Application.php(1028): Illuminate\\Container\\Container->make('blade.compiler', Array)
#6 C:\\laragon\\www\\Personal\\backend-myapp-v2\\vendor\\laravel\\framework\\src\\Illuminate\\Container\\Container.php(1570): Illuminate\\Foundation\\Application->make('blade.compiler')
#7 C:\\laragon\\www\\Personal\\backend-myapp-v2\\vendor\\laravel\\framework\\src\\Illuminate\\Support\\Facades\\Facade.php(237): Illuminate\\Container\\Container->offsetGet('blade.compiler')
#8 C:\\laragon\\www\\Personal\\backend-myapp-v2\\vendor\\laravel\\framework\\src\\Illuminate\\Support\\Facades\\Facade.php(208): Illuminate\\Support\\Facades\\Facade::resolveFacadeInstance('blade.compiler')
#9 C:\\laragon\\www\\Personal\\backend-myapp-v2\\vendor\\laravel\\framework\\src\\Illuminate\\Support\\Facades\\Facade.php(351): Illuminate\\Support\\Facades\\Facade::getFacadeRoot()
#10 C:\\laragon\\www\\Personal\\backend-myapp-v2\\vendor\\blade-ui-kit\\blade-icons\\src\\BladeIconsServiceProvider.php(98): Illuminate\\Support\\Facades\\Facade::__callStatic('directive', Array)
#11 C:\\laragon\\www\\Personal\\backend-myapp-v2\\vendor\\blade-ui-kit\\blade-icons\\src\\BladeIconsServiceProvider.php(27): BladeUI\\Icons\\BladeIconsServiceProvider->bootDirectives()
#12 C:\\laragon\\www\\Personal\\backend-myapp-v2\\vendor\\laravel\\framework\\src\\Illuminate\\Container\\BoundMethod.php(36): BladeUI\\Icons\\BladeIconsServiceProvider->boot()
#13 C:\\laragon\\www\\Personal\\backend-myapp-v2\\vendor\\laravel\\framework\\src\\Illuminate\\Container\\Util.php(41): Illuminate\\Container\\BoundMethod::Illuminate\\Container\\{closure}()
#14 C:\\laragon\\www\\Personal\\backend-myapp-v2\\vendor\\laravel\\framework\\src\\Illuminate\\Container\\BoundMethod.php(93): Illuminate\\Container\\Util::unwrapIfClosure(Object(Closure))
#15 C:\\laragon\\www\\Personal\\backend-myapp-v2\\vendor\\laravel\\framework\\src\\Illuminate\\Container\\BoundMethod.php(35): Illuminate\\Container\\BoundMethod::callBoundMethod(Object(Illuminate\\Foundation\\Application), Array, Object(Closure))
#16 C:\\laragon\\www\\Personal\\backend-myapp-v2\\vendor\\laravel\\framework\\src\\Illuminate\\Container\\Container.php(690): Illuminate\\Container\\BoundMethod::call(Object(Illuminate\\Foundation\\Application), Array, Array, NULL)
#17 C:\\laragon\\www\\Personal\\backend-myapp-v2\\vendor\\laravel\\framework\\src\\Illuminate\\Foundation\\Application.php(1119): Illuminate\\Container\\Container->call(Array)
#18 C:\\laragon\\www\\Personal\\backend-myapp-v2\\vendor\\laravel\\framework\\src\\Illuminate\\Foundation\\Application.php(1100): Illuminate\\Foundation\\Application->bootProvider(Object(BladeUI\\Icons\\BladeIconsServiceProvider))
#19 [internal function]: Illuminate\\Foundation\\Application->Illuminate\\Foundation\\{closure}(Object(BladeUI\\Icons\\BladeIconsServiceProvider), 'BladeUI\\\\Icons\\\\B...')
#20 C:\\laragon\\www\\Personal\\backend-myapp-v2\\vendor\\laravel\\framework\\src\\Illuminate\\Foundation\\Application.php(1099): array_walk(Array, Object(Closure))
#21 C:\\laragon\\www\\Personal\\backend-myapp-v2\\vendor\\laravel\\framework\\src\\Illuminate\\Foundation\\Bootstrap\\BootProviders.php(17): Illuminate\\Foundation\\Application->boot()
#22 C:\\laragon\\www\\Personal\\backend-myapp-v2\\vendor\\laravel\\framework\\src\\Illuminate\\Foundation\\Application.php(316): Illuminate\\Foundation\\Bootstrap\\BootProviders->bootstrap(Object(Illuminate\\Foundation\\Application))
#23 C:\\laragon\\www\\Personal\\backend-myapp-v2\\vendor\\laravel\\framework\\src\\Illuminate\\Foundation\\Http\\Kernel.php(187): Illuminate\\Foundation\\Application->bootstrapWith(Array)
#24 C:\\laragon\\www\\Personal\\backend-myapp-v2\\vendor\\laravel\\framework\\src\\Illuminate\\Foundation\\Http\\Kernel.php(171): Illuminate\\Foundation\\Http\\Kernel->bootstrap()
#25 C:\\laragon\\www\\Personal\\backend-myapp-v2\\vendor\\laravel\\framework\\src\\Illuminate\\Foundation\\Http\\Kernel.php(145): Illuminate\\Foundation\\Http\\Kernel->sendRequestThroughRouter(Object(Illuminate\\Http\\Request))
#26 C:\\laragon\\www\\Personal\\backend-myapp-v2\\vendor\\laravel\\framework\\src\\Illuminate\\Foundation\\Application.php(1188): Illuminate\\Foundation\\Http\\Kernel->handle(Object(Illuminate\\Http\\Request))
#27 C:\\laragon\\www\\Personal\\backend-myapp-v2\\public\\index.php(17): Illuminate\\Foundation\\Application->handleRequest(Object(Illuminate\\Http\\Request))
#28 C:\\laragon\\www\\Personal\\backend-myapp-v2\\vendor\\laravel\\framework\\src\\Illuminate\\Foundation\\resources\\server.php(23): require_once('C:\\\\laragon\\\\www\\\\...')
#29 {main}
"} 
[2024-08-14 04:59:56] local.ERROR: Please provide a valid cache path. {"exception":"[object] (InvalidArgumentException(code: 0): Please provide a valid cache path. at C:\\laragon\\www\\Personal\\backend-myapp-v2\\vendor\\laravel\\framework\\src\\Illuminate\\View\\Compilers\\Compiler.php:67)
[stacktrace]
#0 C:\\laragon\\www\\Personal\\backend-myapp-v2\\vendor\\laravel\\framework\\src\\Illuminate\\View\\ViewServiceProvider.php(97): Illuminate\\View\\Compilers\\Compiler->__construct(Object(Illuminate\\Filesystem\\Filesystem), false, '', true, 'php')
#1 C:\\laragon\\www\\Personal\\backend-myapp-v2\\vendor\\laravel\\framework\\src\\Illuminate\\Container\\Container.php(931): Illuminate\\View\\ViewServiceProvider->Illuminate\\View\\{closure}(Object(Illuminate\\Foundation\\Application), Array)
#2 C:\\laragon\\www\\Personal\\backend-myapp-v2\\vendor\\laravel\\framework\\src\\Illuminate\\Container\\Container.php(815): Illuminate\\Container\\Container->build(Object(Closure))
#3 C:\\laragon\\www\\Personal\\backend-myapp-v2\\vendor\\laravel\\framework\\src\\Illuminate\\Foundation\\Application.php(1046): Illuminate\\Container\\Container->resolve('blade.compiler', Array, true)
#4 C:\\laragon\\www\\Personal\\backend-myapp-v2\\vendor\\laravel\\framework\\src\\Illuminate\\Container\\Container.php(751): Illuminate\\Foundation\\Application->resolve('blade.compiler', Array)
#5 C:\\laragon\\www\\Personal\\backend-myapp-v2\\vendor\\laravel\\framework\\src\\Illuminate\\Foundation\\Application.php(1028): Illuminate\\Container\\Container->make('blade.compiler', Array)
#6 C:\\laragon\\www\\Personal\\backend-myapp-v2\\vendor\\laravel\\framework\\src\\Illuminate\\Container\\Container.php(1570): Illuminate\\Foundation\\Application->make('blade.compiler')
#7 C:\\laragon\\www\\Personal\\backend-myapp-v2\\vendor\\laravel\\framework\\src\\Illuminate\\Support\\Facades\\Facade.php(237): Illuminate\\Container\\Container->offsetGet('blade.compiler')
#8 C:\\laragon\\www\\Personal\\backend-myapp-v2\\vendor\\laravel\\framework\\src\\Illuminate\\Support\\Facades\\Facade.php(208): Illuminate\\Support\\Facades\\Facade::resolveFacadeInstance('blade.compiler')
#9 C:\\laragon\\www\\Personal\\backend-myapp-v2\\vendor\\laravel\\framework\\src\\Illuminate\\Support\\Facades\\Facade.php(351): Illuminate\\Support\\Facades\\Facade::getFacadeRoot()
#10 C:\\laragon\\www\\Personal\\backend-myapp-v2\\vendor\\blade-ui-kit\\blade-icons\\src\\BladeIconsServiceProvider.php(98): Illuminate\\Support\\Facades\\Facade::__callStatic('directive', Array)
#11 C:\\laragon\\www\\Personal\\backend-myapp-v2\\vendor\\blade-ui-kit\\blade-icons\\src\\BladeIconsServiceProvider.php(27): BladeUI\\Icons\\BladeIconsServiceProvider->bootDirectives()
#12 C:\\laragon\\www\\Personal\\backend-myapp-v2\\vendor\\laravel\\framework\\src\\Illuminate\\Container\\BoundMethod.php(36): BladeUI\\Icons\\BladeIconsServiceProvider->boot()
#13 C:\\laragon\\www\\Personal\\backend-myapp-v2\\vendor\\laravel\\framework\\src\\Illuminate\\Container\\Util.php(41): Illuminate\\Container\\BoundMethod::Illuminate\\Container\\{closure}()
#14 C:\\laragon\\www\\Personal\\backend-myapp-v2\\vendor\\laravel\\framework\\src\\Illuminate\\Container\\BoundMethod.php(93): Illuminate\\Container\\Util::unwrapIfClosure(Object(Closure))
#15 C:\\laragon\\www\\Personal\\backend-myapp-v2\\vendor\\laravel\\framework\\src\\Illuminate\\Container\\BoundMethod.php(35): Illuminate\\Container\\BoundMethod::callBoundMethod(Object(Illuminate\\Foundation\\Application), Array, Object(Closure))
#16 C:\\laragon\\www\\Personal\\backend-myapp-v2\\vendor\\laravel\\framework\\src\\Illuminate\\Container\\Container.php(690): Illuminate\\Container\\BoundMethod::call(Object(Illuminate\\Foundation\\Application), Array, Array, NULL)
#17 C:\\laragon\\www\\Personal\\backend-myapp-v2\\vendor\\laravel\\framework\\src\\Illuminate\\Foundation\\Application.php(1119): Illuminate\\Container\\Container->call(Array)
#18 C:\\laragon\\www\\Personal\\backend-myapp-v2\\vendor\\laravel\\framework\\src\\Illuminate\\Foundation\\Application.php(1100): Illuminate\\Foundation\\Application->bootProvider(Object(BladeUI\\Icons\\BladeIconsServiceProvider))
#19 [internal function]: Illuminate\\Foundation\\Application->Illuminate\\Foundation\\{closure}(Object(BladeUI\\Icons\\BladeIconsServiceProvider), 'BladeUI\\\\Icons\\\\B...')
#20 C:\\laragon\\www\\Personal\\backend-myapp-v2\\vendor\\laravel\\framework\\src\\Illuminate\\Foundation\\Application.php(1099): array_walk(Array, Object(Closure))
#21 C:\\laragon\\www\\Personal\\backend-myapp-v2\\vendor\\laravel\\framework\\src\\Illuminate\\Foundation\\Bootstrap\\BootProviders.php(17): Illuminate\\Foundation\\Application->boot()
#22 C:\\laragon\\www\\Personal\\backend-myapp-v2\\vendor\\laravel\\framework\\src\\Illuminate\\Foundation\\Application.php(316): Illuminate\\Foundation\\Bootstrap\\BootProviders->bootstrap(Object(Illuminate\\Foundation\\Application))
#23 C:\\laragon\\www\\Personal\\backend-myapp-v2\\vendor\\laravel\\framework\\src\\Illuminate\\Foundation\\Http\\Kernel.php(187): Illuminate\\Foundation\\Application->bootstrapWith(Array)
#24 C:\\laragon\\www\\Personal\\backend-myapp-v2\\vendor\\laravel\\framework\\src\\Illuminate\\Foundation\\Http\\Kernel.php(171): Illuminate\\Foundation\\Http\\Kernel->bootstrap()
#25 C:\\laragon\\www\\Personal\\backend-myapp-v2\\vendor\\laravel\\framework\\src\\Illuminate\\Foundation\\Http\\Kernel.php(145): Illuminate\\Foundation\\Http\\Kernel->sendRequestThroughRouter(Object(Illuminate\\Http\\Request))
#26 C:\\laragon\\www\\Personal\\backend-myapp-v2\\vendor\\laravel\\framework\\src\\Illuminate\\Foundation\\Application.php(1188): Illuminate\\Foundation\\Http\\Kernel->handle(Object(Illuminate\\Http\\Request))
#27 C:\\laragon\\www\\Personal\\backend-myapp-v2\\public\\index.php(17): Illuminate\\Foundation\\Application->handleRequest(Object(Illuminate\\Http\\Request))
#28 C:\\laragon\\www\\Personal\\backend-myapp-v2\\vendor\\laravel\\framework\\src\\Illuminate\\Foundation\\resources\\server.php(23): require_once('C:\\\\laragon\\\\www\\\\...')
#29 {main}
"} 
[2024-08-14 05:00:25] local.ERROR: Please provide a valid cache path. {"exception":"[object] (InvalidArgumentException(code: 0): Please provide a valid cache path. at C:\\laragon\\www\\Personal\\backend-myapp-v2\\vendor\\laravel\\framework\\src\\Illuminate\\View\\Compilers\\Compiler.php:67)
[stacktrace]
#0 C:\\laragon\\www\\Personal\\backend-myapp-v2\\vendor\\laravel\\framework\\src\\Illuminate\\View\\ViewServiceProvider.php(97): Illuminate\\View\\Compilers\\Compiler->__construct(Object(Illuminate\\Filesystem\\Filesystem), false, '', true, 'php')
#1 C:\\laragon\\www\\Personal\\backend-myapp-v2\\vendor\\laravel\\framework\\src\\Illuminate\\Container\\Container.php(931): Illuminate\\View\\ViewServiceProvider->Illuminate\\View\\{closure}(Object(Illuminate\\Foundation\\Application), Array)
#2 C:\\laragon\\www\\Personal\\backend-myapp-v2\\vendor\\laravel\\framework\\src\\Illuminate\\Container\\Container.php(815): Illuminate\\Container\\Container->build(Object(Closure))
#3 C:\\laragon\\www\\Personal\\backend-myapp-v2\\vendor\\laravel\\framework\\src\\Illuminate\\Foundation\\Application.php(1046): Illuminate\\Container\\Container->resolve('blade.compiler', Array, true)
#4 C:\\laragon\\www\\Personal\\backend-myapp-v2\\vendor\\laravel\\framework\\src\\Illuminate\\Container\\Container.php(751): Illuminate\\Foundation\\Application->resolve('blade.compiler', Array)
#5 C:\\laragon\\www\\Personal\\backend-myapp-v2\\vendor\\laravel\\framework\\src\\Illuminate\\Foundation\\Application.php(1028): Illuminate\\Container\\Container->make('blade.compiler', Array)
#6 C:\\laragon\\www\\Personal\\backend-myapp-v2\\vendor\\laravel\\framework\\src\\Illuminate\\Container\\Container.php(1570): Illuminate\\Foundation\\Application->make('blade.compiler')
#7 C:\\laragon\\www\\Personal\\backend-myapp-v2\\vendor\\laravel\\framework\\src\\Illuminate\\Support\\Facades\\Facade.php(237): Illuminate\\Container\\Container->offsetGet('blade.compiler')
#8 C:\\laragon\\www\\Personal\\backend-myapp-v2\\vendor\\laravel\\framework\\src\\Illuminate\\Support\\Facades\\Facade.php(208): Illuminate\\Support\\Facades\\Facade::resolveFacadeInstance('blade.compiler')
#9 C:\\laragon\\www\\Personal\\backend-myapp-v2\\vendor\\laravel\\framework\\src\\Illuminate\\Support\\Facades\\Facade.php(351): Illuminate\\Support\\Facades\\Facade::getFacadeRoot()
#10 C:\\laragon\\www\\Personal\\backend-myapp-v2\\vendor\\blade-ui-kit\\blade-icons\\src\\BladeIconsServiceProvider.php(98): Illuminate\\Support\\Facades\\Facade::__callStatic('directive', Array)
#11 C:\\laragon\\www\\Personal\\backend-myapp-v2\\vendor\\blade-ui-kit\\blade-icons\\src\\BladeIconsServiceProvider.php(27): BladeUI\\Icons\\BladeIconsServiceProvider->bootDirectives()
#12 C:\\laragon\\www\\Personal\\backend-myapp-v2\\vendor\\laravel\\framework\\src\\Illuminate\\Container\\BoundMethod.php(36): BladeUI\\Icons\\BladeIconsServiceProvider->boot()
#13 C:\\laragon\\www\\Personal\\backend-myapp-v2\\vendor\\laravel\\framework\\src\\Illuminate\\Container\\Util.php(41): Illuminate\\Container\\BoundMethod::Illuminate\\Container\\{closure}()
#14 C:\\laragon\\www\\Personal\\backend-myapp-v2\\vendor\\laravel\\framework\\src\\Illuminate\\Container\\BoundMethod.php(93): Illuminate\\Container\\Util::unwrapIfClosure(Object(Closure))
#15 C:\\laragon\\www\\Personal\\backend-myapp-v2\\vendor\\laravel\\framework\\src\\Illuminate\\Container\\BoundMethod.php(35): Illuminate\\Container\\BoundMethod::callBoundMethod(Object(Illuminate\\Foundation\\Application), Array, Object(Closure))
#16 C:\\laragon\\www\\Personal\\backend-myapp-v2\\vendor\\laravel\\framework\\src\\Illuminate\\Container\\Container.php(690): Illuminate\\Container\\BoundMethod::call(Object(Illuminate\\Foundation\\Application), Array, Array, NULL)
#17 C:\\laragon\\www\\Personal\\backend-myapp-v2\\vendor\\laravel\\framework\\src\\Illuminate\\Foundation\\Application.php(1119): Illuminate\\Container\\Container->call(Array)
#18 C:\\laragon\\www\\Personal\\backend-myapp-v2\\vendor\\laravel\\framework\\src\\Illuminate\\Foundation\\Application.php(1100): Illuminate\\Foundation\\Application->bootProvider(Object(BladeUI\\Icons\\BladeIconsServiceProvider))
#19 [internal function]: Illuminate\\Foundation\\Application->Illuminate\\Foundation\\{closure}(Object(BladeUI\\Icons\\BladeIconsServiceProvider), 'BladeUI\\\\Icons\\\\B...')
#20 C:\\laragon\\www\\Personal\\backend-myapp-v2\\vendor\\laravel\\framework\\src\\Illuminate\\Foundation\\Application.php(1099): array_walk(Array, Object(Closure))
#21 C:\\laragon\\www\\Personal\\backend-myapp-v2\\vendor\\laravel\\framework\\src\\Illuminate\\Foundation\\Bootstrap\\BootProviders.php(17): Illuminate\\Foundation\\Application->boot()
#22 C:\\laragon\\www\\Personal\\backend-myapp-v2\\vendor\\laravel\\framework\\src\\Illuminate\\Foundation\\Application.php(316): Illuminate\\Foundation\\Bootstrap\\BootProviders->bootstrap(Object(Illuminate\\Foundation\\Application))
#23 C:\\laragon\\www\\Personal\\backend-myapp-v2\\vendor\\laravel\\framework\\src\\Illuminate\\Foundation\\Console\\Kernel.php(473): Illuminate\\Foundation\\Application->bootstrapWith(Array)
#24 C:\\laragon\\www\\Personal\\backend-myapp-v2\\vendor\\laravel\\framework\\src\\Illuminate\\Foundation\\Console\\Kernel.php(195): Illuminate\\Foundation\\Console\\Kernel->bootstrap()
#25 C:\\laragon\\www\\Personal\\backend-myapp-v2\\vendor\\laravel\\framework\\src\\Illuminate\\Foundation\\Application.php(1203): Illuminate\\Foundation\\Console\\Kernel->handle(Object(Symfony\\Component\\Console\\Input\\ArgvInput), Object(Symfony\\Component\\Console\\Output\\ConsoleOutput))
#26 C:\\laragon\\www\\Personal\\backend-myapp-v2\\artisan(13): Illuminate\\Foundation\\Application->handleCommand(Object(Symfony\\Component\\Console\\Input\\ArgvInput))
#27 {main}
"} 
[2024-08-14 05:01:51] local.ERROR: Please provide a valid cache path. {"exception":"[object] (InvalidArgumentException(code: 0): Please provide a valid cache path. at C:\\laragon\\www\\Personal\\backend-myapp-v2\\vendor\\laravel\\framework\\src\\Illuminate\\View\\Compilers\\Compiler.php:67)
[stacktrace]
#0 C:\\laragon\\www\\Personal\\backend-myapp-v2\\vendor\\laravel\\framework\\src\\Illuminate\\View\\ViewServiceProvider.php(97): Illuminate\\View\\Compilers\\Compiler->__construct(Object(Illuminate\\Filesystem\\Filesystem), false, '', true, 'php')
#1 C:\\laragon\\www\\Personal\\backend-myapp-v2\\vendor\\laravel\\framework\\src\\Illuminate\\Container\\Container.php(931): Illuminate\\View\\ViewServiceProvider->Illuminate\\View\\{closure}(Object(Illuminate\\Foundation\\Application), Array)
#2 C:\\laragon\\www\\Personal\\backend-myapp-v2\\vendor\\laravel\\framework\\src\\Illuminate\\Container\\Container.php(815): Illuminate\\Container\\Container->build(Object(Closure))
#3 C:\\laragon\\www\\Personal\\backend-myapp-v2\\vendor\\laravel\\framework\\src\\Illuminate\\Foundation\\Application.php(1046): Illuminate\\Container\\Container->resolve('blade.compiler', Array, true)
#4 C:\\laragon\\www\\Personal\\backend-myapp-v2\\vendor\\laravel\\framework\\src\\Illuminate\\Container\\Container.php(751): Illuminate\\Foundation\\Application->resolve('blade.compiler', Array)
#5 C:\\laragon\\www\\Personal\\backend-myapp-v2\\vendor\\laravel\\framework\\src\\Illuminate\\Foundation\\Application.php(1028): Illuminate\\Container\\Container->make('blade.compiler', Array)
#6 C:\\laragon\\www\\Personal\\backend-myapp-v2\\vendor\\laravel\\framework\\src\\Illuminate\\Container\\Container.php(1570): Illuminate\\Foundation\\Application->make('blade.compiler')
#7 C:\\laragon\\www\\Personal\\backend-myapp-v2\\vendor\\laravel\\framework\\src\\Illuminate\\Support\\Facades\\Facade.php(237): Illuminate\\Container\\Container->offsetGet('blade.compiler')
#8 C:\\laragon\\www\\Personal\\backend-myapp-v2\\vendor\\laravel\\framework\\src\\Illuminate\\Support\\Facades\\Facade.php(208): Illuminate\\Support\\Facades\\Facade::resolveFacadeInstance('blade.compiler')
#9 C:\\laragon\\www\\Personal\\backend-myapp-v2\\vendor\\laravel\\framework\\src\\Illuminate\\Support\\Facades\\Facade.php(351): Illuminate\\Support\\Facades\\Facade::getFacadeRoot()
#10 C:\\laragon\\www\\Personal\\backend-myapp-v2\\vendor\\blade-ui-kit\\blade-icons\\src\\BladeIconsServiceProvider.php(98): Illuminate\\Support\\Facades\\Facade::__callStatic('directive', Array)
#11 C:\\laragon\\www\\Personal\\backend-myapp-v2\\vendor\\blade-ui-kit\\blade-icons\\src\\BladeIconsServiceProvider.php(27): BladeUI\\Icons\\BladeIconsServiceProvider->bootDirectives()
#12 C:\\laragon\\www\\Personal\\backend-myapp-v2\\vendor\\laravel\\framework\\src\\Illuminate\\Container\\BoundMethod.php(36): BladeUI\\Icons\\BladeIconsServiceProvider->boot()
#13 C:\\laragon\\www\\Personal\\backend-myapp-v2\\vendor\\laravel\\framework\\src\\Illuminate\\Container\\Util.php(41): Illuminate\\Container\\BoundMethod::Illuminate\\Container\\{closure}()
#14 C:\\laragon\\www\\Personal\\backend-myapp-v2\\vendor\\laravel\\framework\\src\\Illuminate\\Container\\BoundMethod.php(93): Illuminate\\Container\\Util::unwrapIfClosure(Object(Closure))
#15 C:\\laragon\\www\\Personal\\backend-myapp-v2\\vendor\\laravel\\framework\\src\\Illuminate\\Container\\BoundMethod.php(35): Illuminate\\Container\\BoundMethod::callBoundMethod(Object(Illuminate\\Foundation\\Application), Array, Object(Closure))
#16 C:\\laragon\\www\\Personal\\backend-myapp-v2\\vendor\\laravel\\framework\\src\\Illuminate\\Container\\Container.php(690): Illuminate\\Container\\BoundMethod::call(Object(Illuminate\\Foundation\\Application), Array, Array, NULL)
#17 C:\\laragon\\www\\Personal\\backend-myapp-v2\\vendor\\laravel\\framework\\src\\Illuminate\\Foundation\\Application.php(1119): Illuminate\\Container\\Container->call(Array)
#18 C:\\laragon\\www\\Personal\\backend-myapp-v2\\vendor\\laravel\\framework\\src\\Illuminate\\Foundation\\Application.php(1100): Illuminate\\Foundation\\Application->bootProvider(Object(BladeUI\\Icons\\BladeIconsServiceProvider))
#19 [internal function]: Illuminate\\Foundation\\Application->Illuminate\\Foundation\\{closure}(Object(BladeUI\\Icons\\BladeIconsServiceProvider), 'BladeUI\\\\Icons\\\\B...')
#20 C:\\laragon\\www\\Personal\\backend-myapp-v2\\vendor\\laravel\\framework\\src\\Illuminate\\Foundation\\Application.php(1099): array_walk(Array, Object(Closure))
#21 C:\\laragon\\www\\Personal\\backend-myapp-v2\\vendor\\laravel\\framework\\src\\Illuminate\\Foundation\\Bootstrap\\BootProviders.php(17): Illuminate\\Foundation\\Application->boot()
#22 C:\\laragon\\www\\Personal\\backend-myapp-v2\\vendor\\laravel\\framework\\src\\Illuminate\\Foundation\\Application.php(316): Illuminate\\Foundation\\Bootstrap\\BootProviders->bootstrap(Object(Illuminate\\Foundation\\Application))
#23 C:\\laragon\\www\\Personal\\backend-myapp-v2\\vendor\\laravel\\framework\\src\\Illuminate\\Foundation\\Http\\Kernel.php(187): Illuminate\\Foundation\\Application->bootstrapWith(Array)
#24 C:\\laragon\\www\\Personal\\backend-myapp-v2\\vendor\\laravel\\framework\\src\\Illuminate\\Foundation\\Http\\Kernel.php(171): Illuminate\\Foundation\\Http\\Kernel->bootstrap()
#25 C:\\laragon\\www\\Personal\\backend-myapp-v2\\vendor\\laravel\\framework\\src\\Illuminate\\Foundation\\Http\\Kernel.php(145): Illuminate\\Foundation\\Http\\Kernel->sendRequestThroughRouter(Object(Illuminate\\Http\\Request))
#26 C:\\laragon\\www\\Personal\\backend-myapp-v2\\vendor\\laravel\\framework\\src\\Illuminate\\Foundation\\Application.php(1188): Illuminate\\Foundation\\Http\\Kernel->handle(Object(Illuminate\\Http\\Request))
#27 C:\\laragon\\www\\Personal\\backend-myapp-v2\\public\\index.php(17): Illuminate\\Foundation\\Application->handleRequest(Object(Illuminate\\Http\\Request))
#28 C:\\laragon\\www\\Personal\\backend-myapp-v2\\vendor\\laravel\\framework\\src\\Illuminate\\Foundation\\resources\\server.php(23): require_once('C:\\\\laragon\\\\www\\\\...')
#29 {main}
"} 
[2024-08-14 05:01:53] local.ERROR: Please provide a valid cache path. {"exception":"[object] (InvalidArgumentException(code: 0): Please provide a valid cache path. at C:\\laragon\\www\\Personal\\backend-myapp-v2\\vendor\\laravel\\framework\\src\\Illuminate\\View\\Compilers\\Compiler.php:67)
[stacktrace]
#0 C:\\laragon\\www\\Personal\\backend-myapp-v2\\vendor\\laravel\\framework\\src\\Illuminate\\View\\ViewServiceProvider.php(97): Illuminate\\View\\Compilers\\Compiler->__construct(Object(Illuminate\\Filesystem\\Filesystem), false, '', true, 'php')
#1 C:\\laragon\\www\\Personal\\backend-myapp-v2\\vendor\\laravel\\framework\\src\\Illuminate\\Container\\Container.php(931): Illuminate\\View\\ViewServiceProvider->Illuminate\\View\\{closure}(Object(Illuminate\\Foundation\\Application), Array)
#2 C:\\laragon\\www\\Personal\\backend-myapp-v2\\vendor\\laravel\\framework\\src\\Illuminate\\Container\\Container.php(815): Illuminate\\Container\\Container->build(Object(Closure))
#3 C:\\laragon\\www\\Personal\\backend-myapp-v2\\vendor\\laravel\\framework\\src\\Illuminate\\Foundation\\Application.php(1046): Illuminate\\Container\\Container->resolve('blade.compiler', Array, true)
#4 C:\\laragon\\www\\Personal\\backend-myapp-v2\\vendor\\laravel\\framework\\src\\Illuminate\\Container\\Container.php(751): Illuminate\\Foundation\\Application->resolve('blade.compiler', Array)
#5 C:\\laragon\\www\\Personal\\backend-myapp-v2\\vendor\\laravel\\framework\\src\\Illuminate\\Foundation\\Application.php(1028): Illuminate\\Container\\Container->make('blade.compiler', Array)
#6 C:\\laragon\\www\\Personal\\backend-myapp-v2\\vendor\\laravel\\framework\\src\\Illuminate\\Container\\Container.php(1570): Illuminate\\Foundation\\Application->make('blade.compiler')
#7 C:\\laragon\\www\\Personal\\backend-myapp-v2\\vendor\\laravel\\framework\\src\\Illuminate\\Support\\Facades\\Facade.php(237): Illuminate\\Container\\Container->offsetGet('blade.compiler')
#8 C:\\laragon\\www\\Personal\\backend-myapp-v2\\vendor\\laravel\\framework\\src\\Illuminate\\Support\\Facades\\Facade.php(208): Illuminate\\Support\\Facades\\Facade::resolveFacadeInstance('blade.compiler')
#9 C:\\laragon\\www\\Personal\\backend-myapp-v2\\vendor\\laravel\\framework\\src\\Illuminate\\Support\\Facades\\Facade.php(351): Illuminate\\Support\\Facades\\Facade::getFacadeRoot()
#10 C:\\laragon\\www\\Personal\\backend-myapp-v2\\vendor\\blade-ui-kit\\blade-icons\\src\\BladeIconsServiceProvider.php(98): Illuminate\\Support\\Facades\\Facade::__callStatic('directive', Array)
#11 C:\\laragon\\www\\Personal\\backend-myapp-v2\\vendor\\blade-ui-kit\\blade-icons\\src\\BladeIconsServiceProvider.php(27): BladeUI\\Icons\\BladeIconsServiceProvider->bootDirectives()
#12 C:\\laragon\\www\\Personal\\backend-myapp-v2\\vendor\\laravel\\framework\\src\\Illuminate\\Container\\BoundMethod.php(36): BladeUI\\Icons\\BladeIconsServiceProvider->boot()
#13 C:\\laragon\\www\\Personal\\backend-myapp-v2\\vendor\\laravel\\framework\\src\\Illuminate\\Container\\Util.php(41): Illuminate\\Container\\BoundMethod::Illuminate\\Container\\{closure}()
#14 C:\\laragon\\www\\Personal\\backend-myapp-v2\\vendor\\laravel\\framework\\src\\Illuminate\\Container\\BoundMethod.php(93): Illuminate\\Container\\Util::unwrapIfClosure(Object(Closure))
#15 C:\\laragon\\www\\Personal\\backend-myapp-v2\\vendor\\laravel\\framework\\src\\Illuminate\\Container\\BoundMethod.php(35): Illuminate\\Container\\BoundMethod::callBoundMethod(Object(Illuminate\\Foundation\\Application), Array, Object(Closure))
#16 C:\\laragon\\www\\Personal\\backend-myapp-v2\\vendor\\laravel\\framework\\src\\Illuminate\\Container\\Container.php(690): Illuminate\\Container\\BoundMethod::call(Object(Illuminate\\Foundation\\Application), Array, Array, NULL)
#17 C:\\laragon\\www\\Personal\\backend-myapp-v2\\vendor\\laravel\\framework\\src\\Illuminate\\Foundation\\Application.php(1119): Illuminate\\Container\\Container->call(Array)
#18 C:\\laragon\\www\\Personal\\backend-myapp-v2\\vendor\\laravel\\framework\\src\\Illuminate\\Foundation\\Application.php(1100): Illuminate\\Foundation\\Application->bootProvider(Object(BladeUI\\Icons\\BladeIconsServiceProvider))
#19 [internal function]: Illuminate\\Foundation\\Application->Illuminate\\Foundation\\{closure}(Object(BladeUI\\Icons\\BladeIconsServiceProvider), 'BladeUI\\\\Icons\\\\B...')
#20 C:\\laragon\\www\\Personal\\backend-myapp-v2\\vendor\\laravel\\framework\\src\\Illuminate\\Foundation\\Application.php(1099): array_walk(Array, Object(Closure))
#21 C:\\laragon\\www\\Personal\\backend-myapp-v2\\vendor\\laravel\\framework\\src\\Illuminate\\Foundation\\Bootstrap\\BootProviders.php(17): Illuminate\\Foundation\\Application->boot()
#22 C:\\laragon\\www\\Personal\\backend-myapp-v2\\vendor\\laravel\\framework\\src\\Illuminate\\Foundation\\Application.php(316): Illuminate\\Foundation\\Bootstrap\\BootProviders->bootstrap(Object(Illuminate\\Foundation\\Application))
#23 C:\\laragon\\www\\Personal\\backend-myapp-v2\\vendor\\laravel\\framework\\src\\Illuminate\\Foundation\\Http\\Kernel.php(187): Illuminate\\Foundation\\Application->bootstrapWith(Array)
#24 C:\\laragon\\www\\Personal\\backend-myapp-v2\\vendor\\laravel\\framework\\src\\Illuminate\\Foundation\\Http\\Kernel.php(171): Illuminate\\Foundation\\Http\\Kernel->bootstrap()
#25 C:\\laragon\\www\\Personal\\backend-myapp-v2\\vendor\\laravel\\framework\\src\\Illuminate\\Foundation\\Http\\Kernel.php(145): Illuminate\\Foundation\\Http\\Kernel->sendRequestThroughRouter(Object(Illuminate\\Http\\Request))
#26 C:\\laragon\\www\\Personal\\backend-myapp-v2\\vendor\\laravel\\framework\\src\\Illuminate\\Foundation\\Application.php(1188): Illuminate\\Foundation\\Http\\Kernel->handle(Object(Illuminate\\Http\\Request))
#27 C:\\laragon\\www\\Personal\\backend-myapp-v2\\public\\index.php(17): Illuminate\\Foundation\\Application->handleRequest(Object(Illuminate\\Http\\Request))
#28 C:\\laragon\\www\\Personal\\backend-myapp-v2\\vendor\\laravel\\framework\\src\\Illuminate\\Foundation\\resources\\server.php(23): require_once('C:\\\\laragon\\\\www\\\\...')
#29 {main}
"} 
[2024-08-14 05:01:56] local.ERROR: Please provide a valid cache path. {"exception":"[object] (InvalidArgumentException(code: 0): Please provide a valid cache path. at C:\\laragon\\www\\Personal\\backend-myapp-v2\\vendor\\laravel\\framework\\src\\Illuminate\\View\\Compilers\\Compiler.php:67)
[stacktrace]
#0 C:\\laragon\\www\\Personal\\backend-myapp-v2\\vendor\\laravel\\framework\\src\\Illuminate\\View\\ViewServiceProvider.php(97): Illuminate\\View\\Compilers\\Compiler->__construct(Object(Illuminate\\Filesystem\\Filesystem), false, '', true, 'php')
#1 C:\\laragon\\www\\Personal\\backend-myapp-v2\\vendor\\laravel\\framework\\src\\Illuminate\\Container\\Container.php(931): Illuminate\\View\\ViewServiceProvider->Illuminate\\View\\{closure}(Object(Illuminate\\Foundation\\Application), Array)
#2 C:\\laragon\\www\\Personal\\backend-myapp-v2\\vendor\\laravel\\framework\\src\\Illuminate\\Container\\Container.php(815): Illuminate\\Container\\Container->build(Object(Closure))
#3 C:\\laragon\\www\\Personal\\backend-myapp-v2\\vendor\\laravel\\framework\\src\\Illuminate\\Foundation\\Application.php(1046): Illuminate\\Container\\Container->resolve('blade.compiler', Array, true)
#4 C:\\laragon\\www\\Personal\\backend-myapp-v2\\vendor\\laravel\\framework\\src\\Illuminate\\Container\\Container.php(751): Illuminate\\Foundation\\Application->resolve('blade.compiler', Array)
#5 C:\\laragon\\www\\Personal\\backend-myapp-v2\\vendor\\laravel\\framework\\src\\Illuminate\\Foundation\\Application.php(1028): Illuminate\\Container\\Container->make('blade.compiler', Array)
#6 C:\\laragon\\www\\Personal\\backend-myapp-v2\\vendor\\laravel\\framework\\src\\Illuminate\\Container\\Container.php(1570): Illuminate\\Foundation\\Application->make('blade.compiler')
#7 C:\\laragon\\www\\Personal\\backend-myapp-v2\\vendor\\laravel\\framework\\src\\Illuminate\\Support\\Facades\\Facade.php(237): Illuminate\\Container\\Container->offsetGet('blade.compiler')
#8 C:\\laragon\\www\\Personal\\backend-myapp-v2\\vendor\\laravel\\framework\\src\\Illuminate\\Support\\Facades\\Facade.php(208): Illuminate\\Support\\Facades\\Facade::resolveFacadeInstance('blade.compiler')
#9 C:\\laragon\\www\\Personal\\backend-myapp-v2\\vendor\\laravel\\framework\\src\\Illuminate\\Support\\Facades\\Facade.php(351): Illuminate\\Support\\Facades\\Facade::getFacadeRoot()
#10 C:\\laragon\\www\\Personal\\backend-myapp-v2\\vendor\\blade-ui-kit\\blade-icons\\src\\BladeIconsServiceProvider.php(98): Illuminate\\Support\\Facades\\Facade::__callStatic('directive', Array)
#11 C:\\laragon\\www\\Personal\\backend-myapp-v2\\vendor\\blade-ui-kit\\blade-icons\\src\\BladeIconsServiceProvider.php(27): BladeUI\\Icons\\BladeIconsServiceProvider->bootDirectives()
#12 C:\\laragon\\www\\Personal\\backend-myapp-v2\\vendor\\laravel\\framework\\src\\Illuminate\\Container\\BoundMethod.php(36): BladeUI\\Icons\\BladeIconsServiceProvider->boot()
#13 C:\\laragon\\www\\Personal\\backend-myapp-v2\\vendor\\laravel\\framework\\src\\Illuminate\\Container\\Util.php(41): Illuminate\\Container\\BoundMethod::Illuminate\\Container\\{closure}()
#14 C:\\laragon\\www\\Personal\\backend-myapp-v2\\vendor\\laravel\\framework\\src\\Illuminate\\Container\\BoundMethod.php(93): Illuminate\\Container\\Util::unwrapIfClosure(Object(Closure))
#15 C:\\laragon\\www\\Personal\\backend-myapp-v2\\vendor\\laravel\\framework\\src\\Illuminate\\Container\\BoundMethod.php(35): Illuminate\\Container\\BoundMethod::callBoundMethod(Object(Illuminate\\Foundation\\Application), Array, Object(Closure))
#16 C:\\laragon\\www\\Personal\\backend-myapp-v2\\vendor\\laravel\\framework\\src\\Illuminate\\Container\\Container.php(690): Illuminate\\Container\\BoundMethod::call(Object(Illuminate\\Foundation\\Application), Array, Array, NULL)
#17 C:\\laragon\\www\\Personal\\backend-myapp-v2\\vendor\\laravel\\framework\\src\\Illuminate\\Foundation\\Application.php(1119): Illuminate\\Container\\Container->call(Array)
#18 C:\\laragon\\www\\Personal\\backend-myapp-v2\\vendor\\laravel\\framework\\src\\Illuminate\\Foundation\\Application.php(1100): Illuminate\\Foundation\\Application->bootProvider(Object(BladeUI\\Icons\\BladeIconsServiceProvider))
#19 [internal function]: Illuminate\\Foundation\\Application->Illuminate\\Foundation\\{closure}(Object(BladeUI\\Icons\\BladeIconsServiceProvider), 'BladeUI\\\\Icons\\\\B...')
#20 C:\\laragon\\www\\Personal\\backend-myapp-v2\\vendor\\laravel\\framework\\src\\Illuminate\\Foundation\\Application.php(1099): array_walk(Array, Object(Closure))
#21 C:\\laragon\\www\\Personal\\backend-myapp-v2\\vendor\\laravel\\framework\\src\\Illuminate\\Foundation\\Bootstrap\\BootProviders.php(17): Illuminate\\Foundation\\Application->boot()
#22 C:\\laragon\\www\\Personal\\backend-myapp-v2\\vendor\\laravel\\framework\\src\\Illuminate\\Foundation\\Application.php(316): Illuminate\\Foundation\\Bootstrap\\BootProviders->bootstrap(Object(Illuminate\\Foundation\\Application))
#23 C:\\laragon\\www\\Personal\\backend-myapp-v2\\vendor\\laravel\\framework\\src\\Illuminate\\Foundation\\Http\\Kernel.php(187): Illuminate\\Foundation\\Application->bootstrapWith(Array)
#24 C:\\laragon\\www\\Personal\\backend-myapp-v2\\vendor\\laravel\\framework\\src\\Illuminate\\Foundation\\Http\\Kernel.php(171): Illuminate\\Foundation\\Http\\Kernel->bootstrap()
#25 C:\\laragon\\www\\Personal\\backend-myapp-v2\\vendor\\laravel\\framework\\src\\Illuminate\\Foundation\\Http\\Kernel.php(145): Illuminate\\Foundation\\Http\\Kernel->sendRequestThroughRouter(Object(Illuminate\\Http\\Request))
#26 C:\\laragon\\www\\Personal\\backend-myapp-v2\\vendor\\laravel\\framework\\src\\Illuminate\\Foundation\\Application.php(1188): Illuminate\\Foundation\\Http\\Kernel->handle(Object(Illuminate\\Http\\Request))
#27 C:\\laragon\\www\\Personal\\backend-myapp-v2\\public\\index.php(17): Illuminate\\Foundation\\Application->handleRequest(Object(Illuminate\\Http\\Request))
#28 C:\\laragon\\www\\Personal\\backend-myapp-v2\\vendor\\laravel\\framework\\src\\Illuminate\\Foundation\\resources\\server.php(23): require_once('C:\\\\laragon\\\\www\\\\...')
#29 {main}
"} 
[2024-08-14 05:01:59] local.ERROR: Please provide a valid cache path. {"exception":"[object] (InvalidArgumentException(code: 0): Please provide a valid cache path. at C:\\laragon\\www\\Personal\\backend-myapp-v2\\vendor\\laravel\\framework\\src\\Illuminate\\View\\Compilers\\Compiler.php:67)
[stacktrace]
#0 C:\\laragon\\www\\Personal\\backend-myapp-v2\\vendor\\laravel\\framework\\src\\Illuminate\\View\\ViewServiceProvider.php(97): Illuminate\\View\\Compilers\\Compiler->__construct(Object(Illuminate\\Filesystem\\Filesystem), false, '', true, 'php')
#1 C:\\laragon\\www\\Personal\\backend-myapp-v2\\vendor\\laravel\\framework\\src\\Illuminate\\Container\\Container.php(931): Illuminate\\View\\ViewServiceProvider->Illuminate\\View\\{closure}(Object(Illuminate\\Foundation\\Application), Array)
#2 C:\\laragon\\www\\Personal\\backend-myapp-v2\\vendor\\laravel\\framework\\src\\Illuminate\\Container\\Container.php(815): Illuminate\\Container\\Container->build(Object(Closure))
#3 C:\\laragon\\www\\Personal\\backend-myapp-v2\\vendor\\laravel\\framework\\src\\Illuminate\\Foundation\\Application.php(1046): Illuminate\\Container\\Container->resolve('blade.compiler', Array, true)
#4 C:\\laragon\\www\\Personal\\backend-myapp-v2\\vendor\\laravel\\framework\\src\\Illuminate\\Container\\Container.php(751): Illuminate\\Foundation\\Application->resolve('blade.compiler', Array)
#5 C:\\laragon\\www\\Personal\\backend-myapp-v2\\vendor\\laravel\\framework\\src\\Illuminate\\Foundation\\Application.php(1028): Illuminate\\Container\\Container->make('blade.compiler', Array)
#6 C:\\laragon\\www\\Personal\\backend-myapp-v2\\vendor\\laravel\\framework\\src\\Illuminate\\Container\\Container.php(1570): Illuminate\\Foundation\\Application->make('blade.compiler')
#7 C:\\laragon\\www\\Personal\\backend-myapp-v2\\vendor\\laravel\\framework\\src\\Illuminate\\Support\\Facades\\Facade.php(237): Illuminate\\Container\\Container->offsetGet('blade.compiler')
#8 C:\\laragon\\www\\Personal\\backend-myapp-v2\\vendor\\laravel\\framework\\src\\Illuminate\\Support\\Facades\\Facade.php(208): Illuminate\\Support\\Facades\\Facade::resolveFacadeInstance('blade.compiler')
#9 C:\\laragon\\www\\Personal\\backend-myapp-v2\\vendor\\laravel\\framework\\src\\Illuminate\\Support\\Facades\\Facade.php(351): Illuminate\\Support\\Facades\\Facade::getFacadeRoot()
#10 C:\\laragon\\www\\Personal\\backend-myapp-v2\\vendor\\blade-ui-kit\\blade-icons\\src\\BladeIconsServiceProvider.php(98): Illuminate\\Support\\Facades\\Facade::__callStatic('directive', Array)
#11 C:\\laragon\\www\\Personal\\backend-myapp-v2\\vendor\\blade-ui-kit\\blade-icons\\src\\BladeIconsServiceProvider.php(27): BladeUI\\Icons\\BladeIconsServiceProvider->bootDirectives()
#12 C:\\laragon\\www\\Personal\\backend-myapp-v2\\vendor\\laravel\\framework\\src\\Illuminate\\Container\\BoundMethod.php(36): BladeUI\\Icons\\BladeIconsServiceProvider->boot()
#13 C:\\laragon\\www\\Personal\\backend-myapp-v2\\vendor\\laravel\\framework\\src\\Illuminate\\Container\\Util.php(41): Illuminate\\Container\\BoundMethod::Illuminate\\Container\\{closure}()
#14 C:\\laragon\\www\\Personal\\backend-myapp-v2\\vendor\\laravel\\framework\\src\\Illuminate\\Container\\BoundMethod.php(93): Illuminate\\Container\\Util::unwrapIfClosure(Object(Closure))
#15 C:\\laragon\\www\\Personal\\backend-myapp-v2\\vendor\\laravel\\framework\\src\\Illuminate\\Container\\BoundMethod.php(35): Illuminate\\Container\\BoundMethod::callBoundMethod(Object(Illuminate\\Foundation\\Application), Array, Object(Closure))
#16 C:\\laragon\\www\\Personal\\backend-myapp-v2\\vendor\\laravel\\framework\\src\\Illuminate\\Container\\Container.php(690): Illuminate\\Container\\BoundMethod::call(Object(Illuminate\\Foundation\\Application), Array, Array, NULL)
#17 C:\\laragon\\www\\Personal\\backend-myapp-v2\\vendor\\laravel\\framework\\src\\Illuminate\\Foundation\\Application.php(1119): Illuminate\\Container\\Container->call(Array)
#18 C:\\laragon\\www\\Personal\\backend-myapp-v2\\vendor\\laravel\\framework\\src\\Illuminate\\Foundation\\Application.php(1100): Illuminate\\Foundation\\Application->bootProvider(Object(BladeUI\\Icons\\BladeIconsServiceProvider))
#19 [internal function]: Illuminate\\Foundation\\Application->Illuminate\\Foundation\\{closure}(Object(BladeUI\\Icons\\BladeIconsServiceProvider), 'BladeUI\\\\Icons\\\\B...')
#20 C:\\laragon\\www\\Personal\\backend-myapp-v2\\vendor\\laravel\\framework\\src\\Illuminate\\Foundation\\Application.php(1099): array_walk(Array, Object(Closure))
#21 C:\\laragon\\www\\Personal\\backend-myapp-v2\\vendor\\laravel\\framework\\src\\Illuminate\\Foundation\\Bootstrap\\BootProviders.php(17): Illuminate\\Foundation\\Application->boot()
#22 C:\\laragon\\www\\Personal\\backend-myapp-v2\\vendor\\laravel\\framework\\src\\Illuminate\\Foundation\\Application.php(316): Illuminate\\Foundation\\Bootstrap\\BootProviders->bootstrap(Object(Illuminate\\Foundation\\Application))
#23 C:\\laragon\\www\\Personal\\backend-myapp-v2\\vendor\\laravel\\framework\\src\\Illuminate\\Foundation\\Http\\Kernel.php(187): Illuminate\\Foundation\\Application->bootstrapWith(Array)
#24 C:\\laragon\\www\\Personal\\backend-myapp-v2\\vendor\\laravel\\framework\\src\\Illuminate\\Foundation\\Http\\Kernel.php(171): Illuminate\\Foundation\\Http\\Kernel->bootstrap()
#25 C:\\laragon\\www\\Personal\\backend-myapp-v2\\vendor\\laravel\\framework\\src\\Illuminate\\Foundation\\Http\\Kernel.php(145): Illuminate\\Foundation\\Http\\Kernel->sendRequestThroughRouter(Object(Illuminate\\Http\\Request))
#26 C:\\laragon\\www\\Personal\\backend-myapp-v2\\vendor\\laravel\\framework\\src\\Illuminate\\Foundation\\Application.php(1188): Illuminate\\Foundation\\Http\\Kernel->handle(Object(Illuminate\\Http\\Request))
#27 C:\\laragon\\www\\Personal\\backend-myapp-v2\\public\\index.php(17): Illuminate\\Foundation\\Application->handleRequest(Object(Illuminate\\Http\\Request))
#28 C:\\laragon\\www\\Personal\\backend-myapp-v2\\vendor\\laravel\\framework\\src\\Illuminate\\Foundation\\resources\\server.php(23): require_once('C:\\\\laragon\\\\www\\\\...')
#29 {main}
"} 
[2024-08-14 05:04:05] local.ERROR: Disk [portfolios] does not have a configured driver. {"userId":1,"exception":"[object] (InvalidArgumentException(code: 0): Disk [portfolios] does not have a configured driver. at C:\\laragon\\www\\Personal\\backend-myapp-v2\\vendor\\laravel\\framework\\src\\Illuminate\\Filesystem\\FilesystemManager.php:137)
[stacktrace]
#0 C:\\laragon\\www\\Personal\\backend-myapp-v2\\vendor\\laravel\\framework\\src\\Illuminate\\Filesystem\\FilesystemManager.php(120): Illuminate\\Filesystem\\FilesystemManager->resolve('portfolios')
#1 C:\\laragon\\www\\Personal\\backend-myapp-v2\\vendor\\laravel\\framework\\src\\Illuminate\\Filesystem\\FilesystemManager.php(83): Illuminate\\Filesystem\\FilesystemManager->get('portfolios')
#2 C:\\laragon\\www\\Personal\\backend-myapp-v2\\vendor\\laravel\\framework\\src\\Illuminate\\Support\\Facades\\Facade.php(357): Illuminate\\Filesystem\\FilesystemManager->disk('portfolios')
#3 C:\\laragon\\www\\Personal\\backend-myapp-v2\\app\\Filament\\Resources\\PortfolioResource\\Pages\\EditPortfolio.php(23): Illuminate\\Support\\Facades\\Facade::__callStatic('disk', Array)
#4 C:\\laragon\\www\\Personal\\backend-myapp-v2\\vendor\\filament\\support\\src\\Concerns\\EvaluatesClosures.php(35): App\\Filament\\Resources\\PortfolioResource\\Pages\\EditPortfolio->App\\Filament\\Resources\\PortfolioResource\\Pages\\{closure}(Object(App\\Models\\Portfolio))
#5 C:\\laragon\\www\\Personal\\backend-myapp-v2\\vendor\\filament\\actions\\src\\Concerns\\HasLifecycleHooks.php(76): Filament\\Support\\Components\\Component->evaluate(Object(Closure))
#6 C:\\laragon\\www\\Personal\\backend-myapp-v2\\vendor\\filament\\actions\\src\\Concerns\\InteractsWithActions.php(102): Filament\\Actions\\MountableAction->callAfter()
#7 C:\\laragon\\www\\Personal\\backend-myapp-v2\\vendor\\laravel\\framework\\src\\Illuminate\\Container\\BoundMethod.php(36): Filament\\Pages\\BasePage->callMountedAction(Array)
#8 C:\\laragon\\www\\Personal\\backend-myapp-v2\\vendor\\laravel\\framework\\src\\Illuminate\\Container\\Util.php(41): Illuminate\\Container\\BoundMethod::Illuminate\\Container\\{closure}()
#9 C:\\laragon\\www\\Personal\\backend-myapp-v2\\vendor\\laravel\\framework\\src\\Illuminate\\Container\\BoundMethod.php(93): Illuminate\\Container\\Util::unwrapIfClosure(Object(Closure))
#10 C:\\laragon\\www\\Personal\\backend-myapp-v2\\vendor\\laravel\\framework\\src\\Illuminate\\Container\\BoundMethod.php(35): Illuminate\\Container\\BoundMethod::callBoundMethod(Object(Illuminate\\Foundation\\Application), Array, Object(Closure))
#11 C:\\laragon\\www\\Personal\\backend-myapp-v2\\vendor\\livewire\\livewire\\src\\Wrapped.php(23): Illuminate\\Container\\BoundMethod::call(Object(Illuminate\\Foundation\\Application), Array, Array)
#12 C:\\laragon\\www\\Personal\\backend-myapp-v2\\vendor\\livewire\\livewire\\src\\Mechanisms\\HandleComponents\\HandleComponents.php(474): Livewire\\Wrapped->__call('callMountedActi...', Array)
#13 C:\\laragon\\www\\Personal\\backend-myapp-v2\\vendor\\livewire\\livewire\\src\\Mechanisms\\HandleComponents\\HandleComponents.php(101): Livewire\\Mechanisms\\HandleComponents\\HandleComponents->callMethods(Object(App\\Filament\\Resources\\PortfolioResource\\Pages\\EditPortfolio), Array, Object(Livewire\\Mechanisms\\HandleComponents\\ComponentContext))
#14 C:\\laragon\\www\\Personal\\backend-myapp-v2\\vendor\\livewire\\livewire\\src\\LivewireManager.php(97): Livewire\\Mechanisms\\HandleComponents\\HandleComponents->update(Array, Array, Array)
#15 C:\\laragon\\www\\Personal\\backend-myapp-v2\\vendor\\livewire\\livewire\\src\\Mechanisms\\HandleRequests\\HandleRequests.php(94): Livewire\\LivewireManager->update(Array, Array, Array)
#16 C:\\laragon\\www\\Personal\\backend-myapp-v2\\vendor\\laravel\\framework\\src\\Illuminate\\Routing\\ControllerDispatcher.php(46): Livewire\\Mechanisms\\HandleRequests\\HandleRequests->handleUpdate()
#17 C:\\laragon\\www\\Personal\\backend-myapp-v2\\vendor\\laravel\\framework\\src\\Illuminate\\Routing\\Route.php(260): Illuminate\\Routing\\ControllerDispatcher->dispatch(Object(Illuminate\\Routing\\Route), Object(Livewire\\Mechanisms\\HandleRequests\\HandleRequests), 'handleUpdate')
#18 C:\\laragon\\www\\Personal\\backend-myapp-v2\\vendor\\laravel\\framework\\src\\Illuminate\\Routing\\Route.php(206): Illuminate\\Routing\\Route->runController()
#19 C:\\laragon\\www\\Personal\\backend-myapp-v2\\vendor\\laravel\\framework\\src\\Illuminate\\Routing\\Router.php(808): Illuminate\\Routing\\Route->run()
#20 C:\\laragon\\www\\Personal\\backend-myapp-v2\\vendor\\laravel\\framework\\src\\Illuminate\\Pipeline\\Pipeline.php(144): Illuminate\\Routing\\Router->Illuminate\\Routing\\{closure}(Object(Illuminate\\Http\\Request))
#21 C:\\laragon\\www\\Personal\\backend-myapp-v2\\vendor\\laravel\\framework\\src\\Illuminate\\Routing\\Middleware\\SubstituteBindings.php(51): Illuminate\\Pipeline\\Pipeline->Illuminate\\Pipeline\\{closure}(Object(Illuminate\\Http\\Request))
#22 C:\\laragon\\www\\Personal\\backend-myapp-v2\\vendor\\laravel\\framework\\src\\Illuminate\\Pipeline\\Pipeline.php(183): Illuminate\\Routing\\Middleware\\SubstituteBindings->handle(Object(Illuminate\\Http\\Request), Object(Closure))
#23 C:\\laragon\\www\\Personal\\backend-myapp-v2\\vendor\\laravel\\framework\\src\\Illuminate\\Foundation\\Http\\Middleware\\VerifyCsrfToken.php(88): Illuminate\\Pipeline\\Pipeline->Illuminate\\Pipeline\\{closure}(Object(Illuminate\\Http\\Request))
#24 C:\\laragon\\www\\Personal\\backend-myapp-v2\\vendor\\laravel\\framework\\src\\Illuminate\\Pipeline\\Pipeline.php(183): Illuminate\\Foundation\\Http\\Middleware\\VerifyCsrfToken->handle(Object(Illuminate\\Http\\Request), Object(Closure))
#25 C:\\laragon\\www\\Personal\\backend-myapp-v2\\vendor\\laravel\\framework\\src\\Illuminate\\View\\Middleware\\ShareErrorsFromSession.php(49): Illuminate\\Pipeline\\Pipeline->Illuminate\\Pipeline\\{closure}(Object(Illuminate\\Http\\Request))
#26 C:\\laragon\\www\\Personal\\backend-myapp-v2\\vendor\\laravel\\framework\\src\\Illuminate\\Pipeline\\Pipeline.php(183): Illuminate\\View\\Middleware\\ShareErrorsFromSession->handle(Object(Illuminate\\Http\\Request), Object(Closure))
#27 C:\\laragon\\www\\Personal\\backend-myapp-v2\\vendor\\laravel\\framework\\src\\Illuminate\\Session\\Middleware\\StartSession.php(121): Illuminate\\Pipeline\\Pipeline->Illuminate\\Pipeline\\{closure}(Object(Illuminate\\Http\\Request))
#28 C:\\laragon\\www\\Personal\\backend-myapp-v2\\vendor\\laravel\\framework\\src\\Illuminate\\Session\\Middleware\\StartSession.php(64): Illuminate\\Session\\Middleware\\StartSession->handleStatefulRequest(Object(Illuminate\\Http\\Request), Object(Illuminate\\Session\\Store), Object(Closure))
#29 C:\\laragon\\www\\Personal\\backend-myapp-v2\\vendor\\laravel\\framework\\src\\Illuminate\\Pipeline\\Pipeline.php(183): Illuminate\\Session\\Middleware\\StartSession->handle(Object(Illuminate\\Http\\Request), Object(Closure))
#30 C:\\laragon\\www\\Personal\\backend-myapp-v2\\vendor\\laravel\\framework\\src\\Illuminate\\Cookie\\Middleware\\AddQueuedCookiesToResponse.php(37): Illuminate\\Pipeline\\Pipeline->Illuminate\\Pipeline\\{closure}(Object(Illuminate\\Http\\Request))
#31 C:\\laragon\\www\\Personal\\backend-myapp-v2\\vendor\\laravel\\framework\\src\\Illuminate\\Pipeline\\Pipeline.php(183): Illuminate\\Cookie\\Middleware\\AddQueuedCookiesToResponse->handle(Object(Illuminate\\Http\\Request), Object(Closure))
#32 C:\\laragon\\www\\Personal\\backend-myapp-v2\\vendor\\laravel\\framework\\src\\Illuminate\\Cookie\\Middleware\\EncryptCookies.php(75): Illuminate\\Pipeline\\Pipeline->Illuminate\\Pipeline\\{closure}(Object(Illuminate\\Http\\Request))
#33 C:\\laragon\\www\\Personal\\backend-myapp-v2\\vendor\\laravel\\framework\\src\\Illuminate\\Pipeline\\Pipeline.php(183): Illuminate\\Cookie\\Middleware\\EncryptCookies->handle(Object(Illuminate\\Http\\Request), Object(Closure))
#34 C:\\laragon\\www\\Personal\\backend-myapp-v2\\vendor\\laravel\\framework\\src\\Illuminate\\Pipeline\\Pipeline.php(119): Illuminate\\Pipeline\\Pipeline->Illuminate\\Pipeline\\{closure}(Object(Illuminate\\Http\\Request))
#35 C:\\laragon\\www\\Personal\\backend-myapp-v2\\vendor\\laravel\\framework\\src\\Illuminate\\Routing\\Router.php(807): Illuminate\\Pipeline\\Pipeline->then(Object(Closure))
#36 C:\\laragon\\www\\Personal\\backend-myapp-v2\\vendor\\laravel\\framework\\src\\Illuminate\\Routing\\Router.php(786): Illuminate\\Routing\\Router->runRouteWithinStack(Object(Illuminate\\Routing\\Route), Object(Illuminate\\Http\\Request))
#37 C:\\laragon\\www\\Personal\\backend-myapp-v2\\vendor\\laravel\\framework\\src\\Illuminate\\Routing\\Router.php(750): Illuminate\\Routing\\Router->runRoute(Object(Illuminate\\Http\\Request), Object(Illuminate\\Routing\\Route))
#38 C:\\laragon\\www\\Personal\\backend-myapp-v2\\vendor\\laravel\\framework\\src\\Illuminate\\Routing\\Router.php(739): Illuminate\\Routing\\Router->dispatchToRoute(Object(Illuminate\\Http\\Request))
#39 C:\\laragon\\www\\Personal\\backend-myapp-v2\\vendor\\laravel\\framework\\src\\Illuminate\\Foundation\\Http\\Kernel.php(201): Illuminate\\Routing\\Router->dispatch(Object(Illuminate\\Http\\Request))
#40 C:\\laragon\\www\\Personal\\backend-myapp-v2\\vendor\\laravel\\framework\\src\\Illuminate\\Pipeline\\Pipeline.php(144): Illuminate\\Foundation\\Http\\Kernel->Illuminate\\Foundation\\Http\\{closure}(Object(Illuminate\\Http\\Request))
#41 C:\\laragon\\www\\Personal\\backend-myapp-v2\\vendor\\livewire\\livewire\\src\\Features\\SupportDisablingBackButtonCache\\DisableBackButtonCacheMiddleware.php(19): Illuminate\\Pipeline\\Pipeline->Illuminate\\Pipeline\\{closure}(Object(Illuminate\\Http\\Request))
#42 C:\\laragon\\www\\Personal\\backend-myapp-v2\\vendor\\laravel\\framework\\src\\Illuminate\\Pipeline\\Pipeline.php(183): Livewire\\Features\\SupportDisablingBackButtonCache\\DisableBackButtonCacheMiddleware->handle(Object(Illuminate\\Http\\Request), Object(Closure))
#43 C:\\laragon\\www\\Personal\\backend-myapp-v2\\vendor\\laravel\\framework\\src\\Illuminate\\Foundation\\Http\\Middleware\\ConvertEmptyStringsToNull.php(27): Illuminate\\Pipeline\\Pipeline->Illuminate\\Pipeline\\{closure}(Object(Illuminate\\Http\\Request))
#44 C:\\laragon\\www\\Personal\\backend-myapp-v2\\vendor\\laravel\\framework\\src\\Illuminate\\Pipeline\\Pipeline.php(183): Illuminate\\Foundation\\Http\\Middleware\\ConvertEmptyStringsToNull->handle(Object(Illuminate\\Http\\Request), Object(Closure))
#45 C:\\laragon\\www\\Personal\\backend-myapp-v2\\vendor\\laravel\\framework\\src\\Illuminate\\Foundation\\Http\\Middleware\\TrimStrings.php(47): Illuminate\\Pipeline\\Pipeline->Illuminate\\Pipeline\\{closure}(Object(Illuminate\\Http\\Request))
#46 C:\\laragon\\www\\Personal\\backend-myapp-v2\\vendor\\laravel\\framework\\src\\Illuminate\\Pipeline\\Pipeline.php(183): Illuminate\\Foundation\\Http\\Middleware\\TrimStrings->handle(Object(Illuminate\\Http\\Request), Object(Closure))
#47 C:\\laragon\\www\\Personal\\backend-myapp-v2\\vendor\\laravel\\framework\\src\\Illuminate\\Http\\Middleware\\ValidatePostSize.php(27): Illuminate\\Pipeline\\Pipeline->Illuminate\\Pipeline\\{closure}(Object(Illuminate\\Http\\Request))
#48 C:\\laragon\\www\\Personal\\backend-myapp-v2\\vendor\\laravel\\framework\\src\\Illuminate\\Pipeline\\Pipeline.php(183): Illuminate\\Http\\Middleware\\ValidatePostSize->handle(Object(Illuminate\\Http\\Request), Object(Closure))
#49 C:\\laragon\\www\\Personal\\backend-myapp-v2\\vendor\\laravel\\framework\\src\\Illuminate\\Foundation\\Http\\Middleware\\PreventRequestsDuringMaintenance.php(110): Illuminate\\Pipeline\\Pipeline->Illuminate\\Pipeline\\{closure}(Object(Illuminate\\Http\\Request))
#50 C:\\laragon\\www\\Personal\\backend-myapp-v2\\vendor\\laravel\\framework\\src\\Illuminate\\Pipeline\\Pipeline.php(183): Illuminate\\Foundation\\Http\\Middleware\\PreventRequestsDuringMaintenance->handle(Object(Illuminate\\Http\\Request), Object(Closure))
#51 C:\\laragon\\www\\Personal\\backend-myapp-v2\\vendor\\laravel\\framework\\src\\Illuminate\\Http\\Middleware\\HandleCors.php(49): Illuminate\\Pipeline\\Pipeline->Illuminate\\Pipeline\\{closure}(Object(Illuminate\\Http\\Request))
#52 C:\\laragon\\www\\Personal\\backend-myapp-v2\\vendor\\laravel\\framework\\src\\Illuminate\\Pipeline\\Pipeline.php(183): Illuminate\\Http\\Middleware\\HandleCors->handle(Object(Illuminate\\Http\\Request), Object(Closure))
#53 C:\\laragon\\www\\Personal\\backend-myapp-v2\\vendor\\laravel\\framework\\src\\Illuminate\\Http\\Middleware\\TrustProxies.php(57): Illuminate\\Pipeline\\Pipeline->Illuminate\\Pipeline\\{closure}(Object(Illuminate\\Http\\Request))
#54 C:\\laragon\\www\\Personal\\backend-myapp-v2\\vendor\\laravel\\framework\\src\\Illuminate\\Pipeline\\Pipeline.php(183): Illuminate\\Http\\Middleware\\TrustProxies->handle(Object(Illuminate\\Http\\Request), Object(Closure))
#55 C:\\laragon\\www\\Personal\\backend-myapp-v2\\vendor\\laravel\\framework\\src\\Illuminate\\Pipeline\\Pipeline.php(119): Illuminate\\Pipeline\\Pipeline->Illuminate\\Pipeline\\{closure}(Object(Illuminate\\Http\\Request))
#56 C:\\laragon\\www\\Personal\\backend-myapp-v2\\vendor\\laravel\\framework\\src\\Illuminate\\Foundation\\Http\\Kernel.php(176): Illuminate\\Pipeline\\Pipeline->then(Object(Closure))
#57 C:\\laragon\\www\\Personal\\backend-myapp-v2\\vendor\\laravel\\framework\\src\\Illuminate\\Foundation\\Http\\Kernel.php(145): Illuminate\\Foundation\\Http\\Kernel->sendRequestThroughRouter(Object(Illuminate\\Http\\Request))
#58 C:\\laragon\\www\\Personal\\backend-myapp-v2\\vendor\\laravel\\framework\\src\\Illuminate\\Foundation\\Application.php(1188): Illuminate\\Foundation\\Http\\Kernel->handle(Object(Illuminate\\Http\\Request))
#59 C:\\laragon\\www\\Personal\\backend-myapp-v2\\public\\index.php(17): Illuminate\\Foundation\\Application->handleRequest(Object(Illuminate\\Http\\Request))
#60 C:\\laragon\\www\\Personal\\backend-myapp-v2\\vendor\\laravel\\framework\\src\\Illuminate\\Foundation\\resources\\server.php(23): require_once('C:\\\\laragon\\\\www\\\\...')
#61 {main}
"} 
[2025-01-05 08:19:10] local.ERROR: SQLSTATE[HY000] [1045] Access denied for user 'root'@'localhost' (using password: NO) (Connection: mysql, SQL: select table_name as `name`, (data_length + index_length) as `size`, table_comment as `comment`, engine as `engine`, table_collation as `collation` from information_schema.tables where table_schema = 'backend_myapp_v2' and table_type in ('BASE TABLE', 'SYSTEM VERSIONED') order by table_name) {"exception":"[object] (Illuminate\\Database\\QueryException(code: 1045): SQLSTATE[HY000] [1045] Access denied for user 'root'@'localhost' (using password: NO) (Connection: mysql, SQL: select table_name as `name`, (data_length + index_length) as `size`, table_comment as `comment`, engine as `engine`, table_collation as `collation` from information_schema.tables where table_schema = 'backend_myapp_v2' and table_type in ('BASE TABLE', 'SYSTEM VERSIONED') order by table_name) at C:\\laragon\\www\\Personal\\backend-myapp-v2\\vendor\\laravel\\framework\\src\\Illuminate\\Database\\Connection.php:825)
[stacktrace]
#0 C:\\laragon\\www\\Personal\\backend-myapp-v2\\vendor\\laravel\\framework\\src\\Illuminate\\Database\\Connection.php(779): Illuminate\\Database\\Connection->runQueryCallback('select table_na...', Array, Object(Closure))
#1 C:\\laragon\\www\\Personal\\backend-myapp-v2\\vendor\\laravel\\framework\\src\\Illuminate\\Database\\Connection.php(398): Illuminate\\Database\\Connection->run('select table_na...', Array, Object(Closure))
#2 C:\\laragon\\www\\Personal\\backend-myapp-v2\\vendor\\laravel\\framework\\src\\Illuminate\\Database\\Connection.php(385): Illuminate\\Database\\Connection->select('select table_na...', Array, false)
#3 C:\\laragon\\www\\Personal\\backend-myapp-v2\\vendor\\laravel\\framework\\src\\Illuminate\\Database\\Schema\\MySqlBuilder.php(41): Illuminate\\Database\\Connection->selectFromWriteConnection('select table_na...')
#4 C:\\laragon\\www\\Personal\\backend-myapp-v2\\vendor\\laravel\\framework\\src\\Illuminate\\Database\\Schema\\Builder.php(148): Illuminate\\Database\\Schema\\MySqlBuilder->getTables(false)
#5 C:\\laragon\\www\\Personal\\backend-myapp-v2\\vendor\\laravel\\framework\\src\\Illuminate\\Database\\Migrations\\DatabaseMigrationRepository.php(184): Illuminate\\Database\\Schema\\Builder->hasTable('migrations')
#6 C:\\laragon\\www\\Personal\\backend-myapp-v2\\vendor\\laravel\\framework\\src\\Illuminate\\Database\\Migrations\\Migrator.php(680): Illuminate\\Database\\Migrations\\DatabaseMigrationRepository->repositoryExists()
#7 C:\\laragon\\www\\Personal\\backend-myapp-v2\\vendor\\laravel\\framework\\src\\Illuminate\\Database\\Console\\Migrations\\FreshCommand.php(68): Illuminate\\Database\\Migrations\\Migrator->repositoryExists()
#8 C:\\laragon\\www\\Personal\\backend-myapp-v2\\vendor\\laravel\\framework\\src\\Illuminate\\Database\\Migrations\\Migrator.php(615): Illuminate\\Database\\Console\\Migrations\\FreshCommand->Illuminate\\Database\\Console\\Migrations\\{closure}()
#9 C:\\laragon\\www\\Personal\\backend-myapp-v2\\vendor\\laravel\\framework\\src\\Illuminate\\Database\\Console\\Migrations\\FreshCommand.php(67): Illuminate\\Database\\Migrations\\Migrator->usingConnection(NULL, Object(Closure))
#10 C:\\laragon\\www\\Personal\\backend-myapp-v2\\vendor\\laravel\\framework\\src\\Illuminate\\Container\\BoundMethod.php(36): Illuminate\\Database\\Console\\Migrations\\FreshCommand->handle()
#11 C:\\laragon\\www\\Personal\\backend-myapp-v2\\vendor\\laravel\\framework\\src\\Illuminate\\Container\\Util.php(41): Illuminate\\Container\\BoundMethod::Illuminate\\Container\\{closure}()
#12 C:\\laragon\\www\\Personal\\backend-myapp-v2\\vendor\\laravel\\framework\\src\\Illuminate\\Container\\BoundMethod.php(93): Illuminate\\Container\\Util::unwrapIfClosure(Object(Closure))
#13 C:\\laragon\\www\\Personal\\backend-myapp-v2\\vendor\\laravel\\framework\\src\\Illuminate\\Container\\BoundMethod.php(35): Illuminate\\Container\\BoundMethod::callBoundMethod(Object(Illuminate\\Foundation\\Application), Array, Object(Closure))
#14 C:\\laragon\\www\\Personal\\backend-myapp-v2\\vendor\\laravel\\framework\\src\\Illuminate\\Container\\Container.php(690): Illuminate\\Container\\BoundMethod::call(Object(Illuminate\\Foundation\\Application), Array, Array, NULL)
#15 C:\\laragon\\www\\Personal\\backend-myapp-v2\\vendor\\laravel\\framework\\src\\Illuminate\\Console\\Command.php(213): Illuminate\\Container\\Container->call(Array)
#16 C:\\laragon\\www\\Personal\\backend-myapp-v2\\vendor\\symfony\\console\\Command\\Command.php(279): Illuminate\\Console\\Command->execute(Object(Symfony\\Component\\Console\\Input\\ArgvInput), Object(Illuminate\\Console\\OutputStyle))
#17 C:\\laragon\\www\\Personal\\backend-myapp-v2\\vendor\\laravel\\framework\\src\\Illuminate\\Console\\Command.php(182): Symfony\\Component\\Console\\Command\\Command->run(Object(Symfony\\Component\\Console\\Input\\ArgvInput), Object(Illuminate\\Console\\OutputStyle))
#18 C:\\laragon\\www\\Personal\\backend-myapp-v2\\vendor\\symfony\\console\\Application.php(1047): Illuminate\\Console\\Command->run(Object(Symfony\\Component\\Console\\Input\\ArgvInput), Object(Symfony\\Component\\Console\\Output\\ConsoleOutput))
#19 C:\\laragon\\www\\Personal\\backend-myapp-v2\\vendor\\symfony\\console\\Application.php(316): Symfony\\Component\\Console\\Application->doRunCommand(Object(Illuminate\\Database\\Console\\Migrations\\FreshCommand), Object(Symfony\\Component\\Console\\Input\\ArgvInput), Object(Symfony\\Component\\Console\\Output\\ConsoleOutput))
#20 C:\\laragon\\www\\Personal\\backend-myapp-v2\\vendor\\symfony\\console\\Application.php(167): Symfony\\Component\\Console\\Application->doRun(Object(Symfony\\Component\\Console\\Input\\ArgvInput), Object(Symfony\\Component\\Console\\Output\\ConsoleOutput))
#21 C:\\laragon\\www\\Personal\\backend-myapp-v2\\vendor\\laravel\\framework\\src\\Illuminate\\Foundation\\Console\\Kernel.php(197): Symfony\\Component\\Console\\Application->run(Object(Symfony\\Component\\Console\\Input\\ArgvInput), Object(Symfony\\Component\\Console\\Output\\ConsoleOutput))
#22 C:\\laragon\\www\\Personal\\backend-myapp-v2\\vendor\\laravel\\framework\\src\\Illuminate\\Foundation\\Application.php(1203): Illuminate\\Foundation\\Console\\Kernel->handle(Object(Symfony\\Component\\Console\\Input\\ArgvInput), Object(Symfony\\Component\\Console\\Output\\ConsoleOutput))
#23 C:\\laragon\\www\\Personal\\backend-myapp-v2\\artisan(13): Illuminate\\Foundation\\Application->handleCommand(Object(Symfony\\Component\\Console\\Input\\ArgvInput))
#24 {main}

[previous exception] [object] (PDOException(code: 1045): SQLSTATE[HY000] [1045] Access denied for user 'root'@'localhost' (using password: NO) at C:\\laragon\\www\\Personal\\backend-myapp-v2\\vendor\\laravel\\framework\\src\\Illuminate\\Database\\Connectors\\Connector.php:65)
[stacktrace]
#0 C:\\laragon\\www\\Personal\\backend-myapp-v2\\vendor\\laravel\\framework\\src\\Illuminate\\Database\\Connectors\\Connector.php(65): PDO->__construct('mysql:host=127....', 'root', Object(SensitiveParameterValue), Array)
#1 C:\\laragon\\www\\Personal\\backend-myapp-v2\\vendor\\laravel\\framework\\src\\Illuminate\\Database\\Connectors\\Connector.php(44): Illuminate\\Database\\Connectors\\Connector->createPdoConnection('mysql:host=127....', 'root', '', Array)
#2 C:\\laragon\\www\\Personal\\backend-myapp-v2\\vendor\\laravel\\framework\\src\\Illuminate\\Database\\Connectors\\MySqlConnector.php(24): Illuminate\\Database\\Connectors\\Connector->createConnection('mysql:host=127....', Array, Array)
#3 C:\\laragon\\www\\Personal\\backend-myapp-v2\\vendor\\laravel\\framework\\src\\Illuminate\\Database\\Connectors\\ConnectionFactory.php(185): Illuminate\\Database\\Connectors\\MySqlConnector->connect(Array)
#4 [internal function]: Illuminate\\Database\\Connectors\\ConnectionFactory->Illuminate\\Database\\Connectors\\{closure}()
#5 C:\\laragon\\www\\Personal\\backend-myapp-v2\\vendor\\laravel\\framework\\src\\Illuminate\\Database\\Connection.php(1231): call_user_func(Object(Closure))
#6 C:\\laragon\\www\\Personal\\backend-myapp-v2\\vendor\\laravel\\framework\\src\\Illuminate\\Database\\Connection.php(512): Illuminate\\Database\\Connection->getPdo()
#7 C:\\laragon\\www\\Personal\\backend-myapp-v2\\vendor\\laravel\\framework\\src\\Illuminate\\Database\\Connection.php(407): Illuminate\\Database\\Connection->getPdoForSelect(false)
#8 C:\\laragon\\www\\Personal\\backend-myapp-v2\\vendor\\laravel\\framework\\src\\Illuminate\\Database\\Connection.php(812): Illuminate\\Database\\Connection->Illuminate\\Database\\{closure}('select table_na...', Array)
#9 C:\\laragon\\www\\Personal\\backend-myapp-v2\\vendor\\laravel\\framework\\src\\Illuminate\\Database\\Connection.php(779): Illuminate\\Database\\Connection->runQueryCallback('select table_na...', Array, Object(Closure))
#10 C:\\laragon\\www\\Personal\\backend-myapp-v2\\vendor\\laravel\\framework\\src\\Illuminate\\Database\\Connection.php(398): Illuminate\\Database\\Connection->run('select table_na...', Array, Object(Closure))
#11 C:\\laragon\\www\\Personal\\backend-myapp-v2\\vendor\\laravel\\framework\\src\\Illuminate\\Database\\Connection.php(385): Illuminate\\Database\\Connection->select('select table_na...', Array, false)
#12 C:\\laragon\\www\\Personal\\backend-myapp-v2\\vendor\\laravel\\framework\\src\\Illuminate\\Database\\Schema\\MySqlBuilder.php(41): Illuminate\\Database\\Connection->selectFromWriteConnection('select table_na...')
#13 C:\\laragon\\www\\Personal\\backend-myapp-v2\\vendor\\laravel\\framework\\src\\Illuminate\\Database\\Schema\\Builder.php(148): Illuminate\\Database\\Schema\\MySqlBuilder->getTables(false)
#14 C:\\laragon\\www\\Personal\\backend-myapp-v2\\vendor\\laravel\\framework\\src\\Illuminate\\Database\\Migrations\\DatabaseMigrationRepository.php(184): Illuminate\\Database\\Schema\\Builder->hasTable('migrations')
#15 C:\\laragon\\www\\Personal\\backend-myapp-v2\\vendor\\laravel\\framework\\src\\Illuminate\\Database\\Migrations\\Migrator.php(680): Illuminate\\Database\\Migrations\\DatabaseMigrationRepository->repositoryExists()
#16 C:\\laragon\\www\\Personal\\backend-myapp-v2\\vendor\\laravel\\framework\\src\\Illuminate\\Database\\Console\\Migrations\\FreshCommand.php(68): Illuminate\\Database\\Migrations\\Migrator->repositoryExists()
#17 C:\\laragon\\www\\Personal\\backend-myapp-v2\\vendor\\laravel\\framework\\src\\Illuminate\\Database\\Migrations\\Migrator.php(615): Illuminate\\Database\\Console\\Migrations\\FreshCommand->Illuminate\\Database\\Console\\Migrations\\{closure}()
#18 C:\\laragon\\www\\Personal\\backend-myapp-v2\\vendor\\laravel\\framework\\src\\Illuminate\\Database\\Console\\Migrations\\FreshCommand.php(67): Illuminate\\Database\\Migrations\\Migrator->usingConnection(NULL, Object(Closure))
#19 C:\\laragon\\www\\Personal\\backend-myapp-v2\\vendor\\laravel\\framework\\src\\Illuminate\\Container\\BoundMethod.php(36): Illuminate\\Database\\Console\\Migrations\\FreshCommand->handle()
#20 C:\\laragon\\www\\Personal\\backend-myapp-v2\\vendor\\laravel\\framework\\src\\Illuminate\\Container\\Util.php(41): Illuminate\\Container\\BoundMethod::Illuminate\\Container\\{closure}()
#21 C:\\laragon\\www\\Personal\\backend-myapp-v2\\vendor\\laravel\\framework\\src\\Illuminate\\Container\\BoundMethod.php(93): Illuminate\\Container\\Util::unwrapIfClosure(Object(Closure))
#22 C:\\laragon\\www\\Personal\\backend-myapp-v2\\vendor\\laravel\\framework\\src\\Illuminate\\Container\\BoundMethod.php(35): Illuminate\\Container\\BoundMethod::callBoundMethod(Object(Illuminate\\Foundation\\Application), Array, Object(Closure))
#23 C:\\laragon\\www\\Personal\\backend-myapp-v2\\vendor\\laravel\\framework\\src\\Illuminate\\Container\\Container.php(690): Illuminate\\Container\\BoundMethod::call(Object(Illuminate\\Foundation\\Application), Array, Array, NULL)
#24 C:\\laragon\\www\\Personal\\backend-myapp-v2\\vendor\\laravel\\framework\\src\\Illuminate\\Console\\Command.php(213): Illuminate\\Container\\Container->call(Array)
#25 C:\\laragon\\www\\Personal\\backend-myapp-v2\\vendor\\symfony\\console\\Command\\Command.php(279): Illuminate\\Console\\Command->execute(Object(Symfony\\Component\\Console\\Input\\ArgvInput), Object(Illuminate\\Console\\OutputStyle))
#26 C:\\laragon\\www\\Personal\\backend-myapp-v2\\vendor\\laravel\\framework\\src\\Illuminate\\Console\\Command.php(182): Symfony\\Component\\Console\\Command\\Command->run(Object(Symfony\\Component\\Console\\Input\\ArgvInput), Object(Illuminate\\Console\\OutputStyle))
#27 C:\\laragon\\www\\Personal\\backend-myapp-v2\\vendor\\symfony\\console\\Application.php(1047): Illuminate\\Console\\Command->run(Object(Symfony\\Component\\Console\\Input\\ArgvInput), Object(Symfony\\Component\\Console\\Output\\ConsoleOutput))
#28 C:\\laragon\\www\\Personal\\backend-myapp-v2\\vendor\\symfony\\console\\Application.php(316): Symfony\\Component\\Console\\Application->doRunCommand(Object(Illuminate\\Database\\Console\\Migrations\\FreshCommand), Object(Symfony\\Component\\Console\\Input\\ArgvInput), Object(Symfony\\Component\\Console\\Output\\ConsoleOutput))
#29 C:\\laragon\\www\\Personal\\backend-myapp-v2\\vendor\\symfony\\console\\Application.php(167): Symfony\\Component\\Console\\Application->doRun(Object(Symfony\\Component\\Console\\Input\\ArgvInput), Object(Symfony\\Component\\Console\\Output\\ConsoleOutput))
#30 C:\\laragon\\www\\Personal\\backend-myapp-v2\\vendor\\laravel\\framework\\src\\Illuminate\\Foundation\\Console\\Kernel.php(197): Symfony\\Component\\Console\\Application->run(Object(Symfony\\Component\\Console\\Input\\ArgvInput), Object(Symfony\\Component\\Console\\Output\\ConsoleOutput))
#31 C:\\laragon\\www\\Personal\\backend-myapp-v2\\vendor\\laravel\\framework\\src\\Illuminate\\Foundation\\Application.php(1203): Illuminate\\Foundation\\Console\\Kernel->handle(Object(Symfony\\Component\\Console\\Input\\ArgvInput), Object(Symfony\\Component\\Console\\Output\\ConsoleOutput))
#32 C:\\laragon\\www\\Personal\\backend-myapp-v2\\artisan(13): Illuminate\\Foundation\\Application->handleCommand(Object(Symfony\\Component\\Console\\Input\\ArgvInput))
#33 {main}
"} 
[2025-01-05 08:19:20] local.ERROR: Class "Database\Seeders\Hash" not found {"exception":"[object] (Error(code: 0): Class \"Database\\Seeders\\Hash\" not found at C:\\laragon\\www\\Personal\\backend-myapp-v2\\database\\seeders\\DatabaseSeeder.php:21)
[stacktrace]
#0 C:\\laragon\\www\\Personal\\backend-myapp-v2\\vendor\\laravel\\framework\\src\\Illuminate\\Container\\BoundMethod.php(36): Database\\Seeders\\DatabaseSeeder->run()
#1 C:\\laragon\\www\\Personal\\backend-myapp-v2\\vendor\\laravel\\framework\\src\\Illuminate\\Container\\Util.php(41): Illuminate\\Container\\BoundMethod::Illuminate\\Container\\{closure}()
#2 C:\\laragon\\www\\Personal\\backend-myapp-v2\\vendor\\laravel\\framework\\src\\Illuminate\\Container\\BoundMethod.php(93): Illuminate\\Container\\Util::unwrapIfClosure(Object(Closure))
#3 C:\\laragon\\www\\Personal\\backend-myapp-v2\\vendor\\laravel\\framework\\src\\Illuminate\\Container\\BoundMethod.php(35): Illuminate\\Container\\BoundMethod::callBoundMethod(Object(Illuminate\\Foundation\\Application), Array, Object(Closure))
#4 C:\\laragon\\www\\Personal\\backend-myapp-v2\\vendor\\laravel\\framework\\src\\Illuminate\\Container\\Container.php(690): Illuminate\\Container\\BoundMethod::call(Object(Illuminate\\Foundation\\Application), Array, Array, NULL)
#5 C:\\laragon\\www\\Personal\\backend-myapp-v2\\vendor\\laravel\\framework\\src\\Illuminate\\Database\\Seeder.php(184): Illuminate\\Container\\Container->call(Array, Array)
#6 C:\\laragon\\www\\Personal\\backend-myapp-v2\\vendor\\laravel\\framework\\src\\Illuminate\\Database\\Seeder.php(193): Illuminate\\Database\\Seeder->Illuminate\\Database\\{closure}()
#7 C:\\laragon\\www\\Personal\\backend-myapp-v2\\vendor\\laravel\\framework\\src\\Illuminate\\Database\\Console\\Seeds\\SeedCommand.php(70): Illuminate\\Database\\Seeder->__invoke()
#8 C:\\laragon\\www\\Personal\\backend-myapp-v2\\vendor\\laravel\\framework\\src\\Illuminate\\Database\\Eloquent\\Concerns\\GuardsAttributes.php(155): Illuminate\\Database\\Console\\Seeds\\SeedCommand->Illuminate\\Database\\Console\\Seeds\\{closure}()
#9 C:\\laragon\\www\\Personal\\backend-myapp-v2\\vendor\\laravel\\framework\\src\\Illuminate\\Database\\Console\\Seeds\\SeedCommand.php(69): Illuminate\\Database\\Eloquent\\Model::unguarded(Object(Closure))
#10 C:\\laragon\\www\\Personal\\backend-myapp-v2\\vendor\\laravel\\framework\\src\\Illuminate\\Container\\BoundMethod.php(36): Illuminate\\Database\\Console\\Seeds\\SeedCommand->handle()
#11 C:\\laragon\\www\\Personal\\backend-myapp-v2\\vendor\\laravel\\framework\\src\\Illuminate\\Container\\Util.php(41): Illuminate\\Container\\BoundMethod::Illuminate\\Container\\{closure}()
#12 C:\\laragon\\www\\Personal\\backend-myapp-v2\\vendor\\laravel\\framework\\src\\Illuminate\\Container\\BoundMethod.php(93): Illuminate\\Container\\Util::unwrapIfClosure(Object(Closure))
#13 C:\\laragon\\www\\Personal\\backend-myapp-v2\\vendor\\laravel\\framework\\src\\Illuminate\\Container\\BoundMethod.php(35): Illuminate\\Container\\BoundMethod::callBoundMethod(Object(Illuminate\\Foundation\\Application), Array, Object(Closure))
#14 C:\\laragon\\www\\Personal\\backend-myapp-v2\\vendor\\laravel\\framework\\src\\Illuminate\\Container\\Container.php(690): Illuminate\\Container\\BoundMethod::call(Object(Illuminate\\Foundation\\Application), Array, Array, NULL)
#15 C:\\laragon\\www\\Personal\\backend-myapp-v2\\vendor\\laravel\\framework\\src\\Illuminate\\Console\\Command.php(213): Illuminate\\Container\\Container->call(Array)
#16 C:\\laragon\\www\\Personal\\backend-myapp-v2\\vendor\\symfony\\console\\Command\\Command.php(279): Illuminate\\Console\\Command->execute(Object(Symfony\\Component\\Console\\Input\\ArrayInput), Object(Illuminate\\Console\\OutputStyle))
#17 C:\\laragon\\www\\Personal\\backend-myapp-v2\\vendor\\laravel\\framework\\src\\Illuminate\\Console\\Command.php(182): Symfony\\Component\\Console\\Command\\Command->run(Object(Symfony\\Component\\Console\\Input\\ArrayInput), Object(Illuminate\\Console\\OutputStyle))
#18 C:\\laragon\\www\\Personal\\backend-myapp-v2\\vendor\\laravel\\framework\\src\\Illuminate\\Console\\Concerns\\CallsCommands.php(67): Illuminate\\Console\\Command->run(Object(Symfony\\Component\\Console\\Input\\ArrayInput), Object(Illuminate\\Console\\OutputStyle))
#19 C:\\laragon\\www\\Personal\\backend-myapp-v2\\vendor\\laravel\\framework\\src\\Illuminate\\Console\\Concerns\\CallsCommands.php(28): Illuminate\\Console\\Command->runCommand('db:seed', Array, Object(Illuminate\\Console\\OutputStyle))
#20 C:\\laragon\\www\\Personal\\backend-myapp-v2\\vendor\\laravel\\framework\\src\\Illuminate\\Database\\Console\\Migrations\\FreshCommand.php(122): Illuminate\\Console\\Command->call('db:seed', Array)
#21 C:\\laragon\\www\\Personal\\backend-myapp-v2\\vendor\\laravel\\framework\\src\\Illuminate\\Database\\Console\\Migrations\\FreshCommand.php(98): Illuminate\\Database\\Console\\Migrations\\FreshCommand->runSeeder(NULL)
#22 C:\\laragon\\www\\Personal\\backend-myapp-v2\\vendor\\laravel\\framework\\src\\Illuminate\\Container\\BoundMethod.php(36): Illuminate\\Database\\Console\\Migrations\\FreshCommand->handle()
#23 C:\\laragon\\www\\Personal\\backend-myapp-v2\\vendor\\laravel\\framework\\src\\Illuminate\\Container\\Util.php(41): Illuminate\\Container\\BoundMethod::Illuminate\\Container\\{closure}()
#24 C:\\laragon\\www\\Personal\\backend-myapp-v2\\vendor\\laravel\\framework\\src\\Illuminate\\Container\\BoundMethod.php(93): Illuminate\\Container\\Util::unwrapIfClosure(Object(Closure))
#25 C:\\laragon\\www\\Personal\\backend-myapp-v2\\vendor\\laravel\\framework\\src\\Illuminate\\Container\\BoundMethod.php(35): Illuminate\\Container\\BoundMethod::callBoundMethod(Object(Illuminate\\Foundation\\Application), Array, Object(Closure))
#26 C:\\laragon\\www\\Personal\\backend-myapp-v2\\vendor\\laravel\\framework\\src\\Illuminate\\Container\\Container.php(690): Illuminate\\Container\\BoundMethod::call(Object(Illuminate\\Foundation\\Application), Array, Array, NULL)
#27 C:\\laragon\\www\\Personal\\backend-myapp-v2\\vendor\\laravel\\framework\\src\\Illuminate\\Console\\Command.php(213): Illuminate\\Container\\Container->call(Array)
#28 C:\\laragon\\www\\Personal\\backend-myapp-v2\\vendor\\symfony\\console\\Command\\Command.php(279): Illuminate\\Console\\Command->execute(Object(Symfony\\Component\\Console\\Input\\ArgvInput), Object(Illuminate\\Console\\OutputStyle))
#29 C:\\laragon\\www\\Personal\\backend-myapp-v2\\vendor\\laravel\\framework\\src\\Illuminate\\Console\\Command.php(182): Symfony\\Component\\Console\\Command\\Command->run(Object(Symfony\\Component\\Console\\Input\\ArgvInput), Object(Illuminate\\Console\\OutputStyle))
#30 C:\\laragon\\www\\Personal\\backend-myapp-v2\\vendor\\symfony\\console\\Application.php(1047): Illuminate\\Console\\Command->run(Object(Symfony\\Component\\Console\\Input\\ArgvInput), Object(Symfony\\Component\\Console\\Output\\ConsoleOutput))
#31 C:\\laragon\\www\\Personal\\backend-myapp-v2\\vendor\\symfony\\console\\Application.php(316): Symfony\\Component\\Console\\Application->doRunCommand(Object(Illuminate\\Database\\Console\\Migrations\\FreshCommand), Object(Symfony\\Component\\Console\\Input\\ArgvInput), Object(Symfony\\Component\\Console\\Output\\ConsoleOutput))
#32 C:\\laragon\\www\\Personal\\backend-myapp-v2\\vendor\\symfony\\console\\Application.php(167): Symfony\\Component\\Console\\Application->doRun(Object(Symfony\\Component\\Console\\Input\\ArgvInput), Object(Symfony\\Component\\Console\\Output\\ConsoleOutput))
#33 C:\\laragon\\www\\Personal\\backend-myapp-v2\\vendor\\laravel\\framework\\src\\Illuminate\\Foundation\\Console\\Kernel.php(197): Symfony\\Component\\Console\\Application->run(Object(Symfony\\Component\\Console\\Input\\ArgvInput), Object(Symfony\\Component\\Console\\Output\\ConsoleOutput))
#34 C:\\laragon\\www\\Personal\\backend-myapp-v2\\vendor\\laravel\\framework\\src\\Illuminate\\Foundation\\Application.php(1203): Illuminate\\Foundation\\Console\\Kernel->handle(Object(Symfony\\Component\\Console\\Input\\ArgvInput), Object(Symfony\\Component\\Console\\Output\\ConsoleOutput))
#35 C:\\laragon\\www\\Personal\\backend-myapp-v2\\artisan(13): Illuminate\\Foundation\\Application->handleCommand(Object(Symfony\\Component\\Console\\Input\\ArgvInput))
#36 {main}
"} 
[2025-01-05 09:03:39] local.ERROR: There are no commands defined in the "rollback" namespace. {"exception":"[object] (Symfony\\Component\\Console\\Exception\\NamespaceNotFoundException(code: 0): There are no commands defined in the \"rollback\" namespace. at C:\\laragon\\www\\Personal\\backend-myapp-v2\\vendor\\symfony\\console\\Application.php:636)
[stacktrace]
#0 C:\\laragon\\www\\Personal\\backend-myapp-v2\\vendor\\symfony\\console\\Application.php(685): Symfony\\Component\\Console\\Application->findNamespace('rollback')
#1 C:\\laragon\\www\\Personal\\backend-myapp-v2\\vendor\\symfony\\console\\Application.php(258): Symfony\\Component\\Console\\Application->find('rollback:migrat...')
#2 C:\\laragon\\www\\Personal\\backend-myapp-v2\\vendor\\symfony\\console\\Application.php(167): Symfony\\Component\\Console\\Application->doRun(Object(Symfony\\Component\\Console\\Input\\ArgvInput), Object(Symfony\\Component\\Console\\Output\\ConsoleOutput))
#3 C:\\laragon\\www\\Personal\\backend-myapp-v2\\vendor\\laravel\\framework\\src\\Illuminate\\Foundation\\Console\\Kernel.php(197): Symfony\\Component\\Console\\Application->run(Object(Symfony\\Component\\Console\\Input\\ArgvInput), Object(Symfony\\Component\\Console\\Output\\ConsoleOutput))
#4 C:\\laragon\\www\\Personal\\backend-myapp-v2\\vendor\\laravel\\framework\\src\\Illuminate\\Foundation\\Application.php(1203): Illuminate\\Foundation\\Console\\Kernel->handle(Object(Symfony\\Component\\Console\\Input\\ArgvInput), Object(Symfony\\Component\\Console\\Output\\ConsoleOutput))
#5 C:\\laragon\\www\\Personal\\backend-myapp-v2\\artisan(13): Illuminate\\Foundation\\Application->handleCommand(Object(Symfony\\Component\\Console\\Input\\ArgvInput))
#6 {main}
"} 
[2025-01-05 09:10:39] local.ERROR: Filament\Forms\Components\Select::getOptions(): Return value must be of type array, string returned (View: C:\laragon\www\Personal\backend-myapp-v2\vendor\filament\forms\resources\views\components\select.blade.php) (View: C:\laragon\www\Personal\backend-myapp-v2\vendor\filament\forms\resources\views\components\select.blade.php) (View: C:\laragon\www\Personal\backend-myapp-v2\vendor\filament\forms\resources\views\components\select.blade.php) {"userId":1,"exception":"[object] (Illuminate\\View\\ViewException(code: 0): Filament\\Forms\\Components\\Select::getOptions(): Return value must be of type array, string returned (View: C:\\laragon\\www\\Personal\\backend-myapp-v2\\vendor\\filament\\forms\\resources\\views\\components\\select.blade.php) (View: C:\\laragon\\www\\Personal\\backend-myapp-v2\\vendor\\filament\\forms\\resources\\views\\components\\select.blade.php) (View: C:\\laragon\\www\\Personal\\backend-myapp-v2\\vendor\\filament\\forms\\resources\\views\\components\\select.blade.php) at C:\\laragon\\www\\Personal\\backend-myapp-v2\\vendor\\filament\\forms\\src\\Components\\Concerns\\HasOptions.php:57)
[stacktrace]
#0 C:\\laragon\\www\\Personal\\backend-myapp-v2\\vendor\\livewire\\livewire\\src\\Mechanisms\\ExtendBlade\\ExtendedCompilerEngine.php(58): Illuminate\\View\\Engines\\CompilerEngine->handleViewException(Object(Illuminate\\View\\ViewException), 1)
#1 C:\\laragon\\www\\Personal\\backend-myapp-v2\\vendor\\livewire\\livewire\\src\\Mechanisms\\ExtendBlade\\ExtendedCompilerEngine.php(40): Livewire\\Mechanisms\\ExtendBlade\\ExtendedCompilerEngine->handleViewException(Object(Illuminate\\View\\ViewException), 1)
#2 C:\\laragon\\www\\Personal\\backend-myapp-v2\\vendor\\laravel\\framework\\src\\Illuminate\\View\\Engines\\CompilerEngine.php(73): Livewire\\Mechanisms\\ExtendBlade\\ExtendedCompilerEngine->evaluatePath('C:\\\\laragon\\\\www\\\\...', Array)
#3 C:\\laragon\\www\\Personal\\backend-myapp-v2\\vendor\\livewire\\livewire\\src\\Mechanisms\\ExtendBlade\\ExtendedCompilerEngine.php(16): Illuminate\\View\\Engines\\CompilerEngine->get('C:\\\\laragon\\\\www\\\\...', Array)
#4 C:\\laragon\\www\\Personal\\backend-myapp-v2\\vendor\\laravel\\framework\\src\\Illuminate\\View\\View.php(208): Livewire\\Mechanisms\\ExtendBlade\\ExtendedCompilerEngine->get('C:\\\\laragon\\\\www\\\\...', Array)
#5 C:\\laragon\\www\\Personal\\backend-myapp-v2\\vendor\\laravel\\framework\\src\\Illuminate\\View\\View.php(191): Illuminate\\View\\View->getContents()
#6 C:\\laragon\\www\\Personal\\backend-myapp-v2\\vendor\\laravel\\framework\\src\\Illuminate\\View\\View.php(160): Illuminate\\View\\View->renderContents()
#7 C:\\laragon\\www\\Personal\\backend-myapp-v2\\vendor\\livewire\\livewire\\src\\Mechanisms\\HandleComponents\\HandleComponents.php(241): Illuminate\\View\\View->render(Object(Closure))
#8 C:\\laragon\\www\\Personal\\backend-myapp-v2\\vendor\\livewire\\livewire\\src\\Mechanisms\\HandleComponents\\HandleComponents.php(285): Livewire\\Mechanisms\\HandleComponents\\HandleComponents->Livewire\\Mechanisms\\HandleComponents\\{closure}()
#9 C:\\laragon\\www\\Personal\\backend-myapp-v2\\vendor\\livewire\\livewire\\src\\Mechanisms\\HandleComponents\\HandleComponents.php(233): Livewire\\Mechanisms\\HandleComponents\\HandleComponents->trackInRenderStack(Object(App\\Filament\\Resources\\ArchivementResource\\Pages\\CreateArchivement), Object(Closure))
#10 C:\\laragon\\www\\Personal\\backend-myapp-v2\\vendor\\livewire\\livewire\\src\\Mechanisms\\HandleComponents\\HandleComponents.php(54): Livewire\\Mechanisms\\HandleComponents\\HandleComponents->render(Object(App\\Filament\\Resources\\ArchivementResource\\Pages\\CreateArchivement), '<div></div>')
#11 C:\\laragon\\www\\Personal\\backend-myapp-v2\\vendor\\livewire\\livewire\\src\\LivewireManager.php(73): Livewire\\Mechanisms\\HandleComponents\\HandleComponents->mount('App\\\\Filament\\\\Re...', Array, NULL)
#12 C:\\laragon\\www\\Personal\\backend-myapp-v2\\vendor\\livewire\\livewire\\src\\Features\\SupportPageComponents\\HandlesPageComponents.php(17): Livewire\\LivewireManager->mount('App\\\\Filament\\\\Re...', Array)
#13 C:\\laragon\\www\\Personal\\backend-myapp-v2\\vendor\\livewire\\livewire\\src\\Features\\SupportPageComponents\\SupportPageComponents.php(117): Livewire\\Component->Livewire\\Features\\SupportPageComponents\\{closure}()
#14 C:\\laragon\\www\\Personal\\backend-myapp-v2\\vendor\\livewire\\livewire\\src\\Features\\SupportPageComponents\\HandlesPageComponents.php(14): Livewire\\Features\\SupportPageComponents\\SupportPageComponents::interceptTheRenderOfTheComponentAndRetreiveTheLayoutConfiguration(Object(Closure))
#15 C:\\laragon\\www\\Personal\\backend-myapp-v2\\vendor\\laravel\\framework\\src\\Illuminate\\Routing\\ControllerDispatcher.php(46): Livewire\\Component->__invoke()
#16 C:\\laragon\\www\\Personal\\backend-myapp-v2\\vendor\\laravel\\framework\\src\\Illuminate\\Routing\\Route.php(260): Illuminate\\Routing\\ControllerDispatcher->dispatch(Object(Illuminate\\Routing\\Route), Object(App\\Filament\\Resources\\ArchivementResource\\Pages\\CreateArchivement), '__invoke')
#17 C:\\laragon\\www\\Personal\\backend-myapp-v2\\vendor\\laravel\\framework\\src\\Illuminate\\Routing\\Route.php(206): Illuminate\\Routing\\Route->runController()
#18 C:\\laragon\\www\\Personal\\backend-myapp-v2\\vendor\\laravel\\framework\\src\\Illuminate\\Routing\\Router.php(808): Illuminate\\Routing\\Route->run()
#19 C:\\laragon\\www\\Personal\\backend-myapp-v2\\vendor\\laravel\\framework\\src\\Illuminate\\Pipeline\\Pipeline.php(144): Illuminate\\Routing\\Router->Illuminate\\Routing\\{closure}(Object(Illuminate\\Http\\Request))
#20 C:\\laragon\\www\\Personal\\backend-myapp-v2\\vendor\\filament\\filament\\src\\Http\\Middleware\\DispatchServingFilamentEvent.php(15): Illuminate\\Pipeline\\Pipeline->Illuminate\\Pipeline\\{closure}(Object(Illuminate\\Http\\Request))
#21 C:\\laragon\\www\\Personal\\backend-myapp-v2\\vendor\\laravel\\framework\\src\\Illuminate\\Pipeline\\Pipeline.php(183): Filament\\Http\\Middleware\\DispatchServingFilamentEvent->handle(Object(Illuminate\\Http\\Request), Object(Closure))
#22 C:\\laragon\\www\\Personal\\backend-myapp-v2\\vendor\\filament\\filament\\src\\Http\\Middleware\\DisableBladeIconComponents.php(14): Illuminate\\Pipeline\\Pipeline->Illuminate\\Pipeline\\{closure}(Object(Illuminate\\Http\\Request))
#23 C:\\laragon\\www\\Personal\\backend-myapp-v2\\vendor\\laravel\\framework\\src\\Illuminate\\Pipeline\\Pipeline.php(183): Filament\\Http\\Middleware\\DisableBladeIconComponents->handle(Object(Illuminate\\Http\\Request), Object(Closure))
#24 C:\\laragon\\www\\Personal\\backend-myapp-v2\\vendor\\laravel\\framework\\src\\Illuminate\\Routing\\Middleware\\SubstituteBindings.php(51): Illuminate\\Pipeline\\Pipeline->Illuminate\\Pipeline\\{closure}(Object(Illuminate\\Http\\Request))
#25 C:\\laragon\\www\\Personal\\backend-myapp-v2\\vendor\\laravel\\framework\\src\\Illuminate\\Pipeline\\Pipeline.php(183): Illuminate\\Routing\\Middleware\\SubstituteBindings->handle(Object(Illuminate\\Http\\Request), Object(Closure))
#26 C:\\laragon\\www\\Personal\\backend-myapp-v2\\vendor\\laravel\\framework\\src\\Illuminate\\Foundation\\Http\\Middleware\\VerifyCsrfToken.php(88): Illuminate\\Pipeline\\Pipeline->Illuminate\\Pipeline\\{closure}(Object(Illuminate\\Http\\Request))
#27 C:\\laragon\\www\\Personal\\backend-myapp-v2\\vendor\\laravel\\framework\\src\\Illuminate\\Pipeline\\Pipeline.php(183): Illuminate\\Foundation\\Http\\Middleware\\VerifyCsrfToken->handle(Object(Illuminate\\Http\\Request), Object(Closure))
#28 C:\\laragon\\www\\Personal\\backend-myapp-v2\\vendor\\laravel\\framework\\src\\Illuminate\\Session\\Middleware\\AuthenticateSession.php(67): Illuminate\\Pipeline\\Pipeline->Illuminate\\Pipeline\\{closure}(Object(Illuminate\\Http\\Request))
#29 C:\\laragon\\www\\Personal\\backend-myapp-v2\\vendor\\laravel\\framework\\src\\Illuminate\\Pipeline\\Pipeline.php(183): Illuminate\\Session\\Middleware\\AuthenticateSession->handle(Object(Illuminate\\Http\\Request), Object(Closure))
#30 C:\\laragon\\www\\Personal\\backend-myapp-v2\\vendor\\laravel\\framework\\src\\Illuminate\\Auth\\Middleware\\Authenticate.php(64): Illuminate\\Pipeline\\Pipeline->Illuminate\\Pipeline\\{closure}(Object(Illuminate\\Http\\Request))
#31 C:\\laragon\\www\\Personal\\backend-myapp-v2\\vendor\\laravel\\framework\\src\\Illuminate\\Pipeline\\Pipeline.php(183): Illuminate\\Auth\\Middleware\\Authenticate->handle(Object(Illuminate\\Http\\Request), Object(Closure))
#32 C:\\laragon\\www\\Personal\\backend-myapp-v2\\vendor\\laravel\\framework\\src\\Illuminate\\View\\Middleware\\ShareErrorsFromSession.php(49): Illuminate\\Pipeline\\Pipeline->Illuminate\\Pipeline\\{closure}(Object(Illuminate\\Http\\Request))
#33 C:\\laragon\\www\\Personal\\backend-myapp-v2\\vendor\\laravel\\framework\\src\\Illuminate\\Pipeline\\Pipeline.php(183): Illuminate\\View\\Middleware\\ShareErrorsFromSession->handle(Object(Illuminate\\Http\\Request), Object(Closure))
#34 C:\\laragon\\www\\Personal\\backend-myapp-v2\\vendor\\laravel\\framework\\src\\Illuminate\\Session\\Middleware\\StartSession.php(121): Illuminate\\Pipeline\\Pipeline->Illuminate\\Pipeline\\{closure}(Object(Illuminate\\Http\\Request))
#35 C:\\laragon\\www\\Personal\\backend-myapp-v2\\vendor\\laravel\\framework\\src\\Illuminate\\Session\\Middleware\\StartSession.php(64): Illuminate\\Session\\Middleware\\StartSession->handleStatefulRequest(Object(Illuminate\\Http\\Request), Object(Illuminate\\Session\\Store), Object(Closure))
#36 C:\\laragon\\www\\Personal\\backend-myapp-v2\\vendor\\laravel\\framework\\src\\Illuminate\\Pipeline\\Pipeline.php(183): Illuminate\\Session\\Middleware\\StartSession->handle(Object(Illuminate\\Http\\Request), Object(Closure))
#37 C:\\laragon\\www\\Personal\\backend-myapp-v2\\vendor\\laravel\\framework\\src\\Illuminate\\Cookie\\Middleware\\AddQueuedCookiesToResponse.php(37): Illuminate\\Pipeline\\Pipeline->Illuminate\\Pipeline\\{closure}(Object(Illuminate\\Http\\Request))
#38 C:\\laragon\\www\\Personal\\backend-myapp-v2\\vendor\\laravel\\framework\\src\\Illuminate\\Pipeline\\Pipeline.php(183): Illuminate\\Cookie\\Middleware\\AddQueuedCookiesToResponse->handle(Object(Illuminate\\Http\\Request), Object(Closure))
#39 C:\\laragon\\www\\Personal\\backend-myapp-v2\\vendor\\laravel\\framework\\src\\Illuminate\\Cookie\\Middleware\\EncryptCookies.php(75): Illuminate\\Pipeline\\Pipeline->Illuminate\\Pipeline\\{closure}(Object(Illuminate\\Http\\Request))
#40 C:\\laragon\\www\\Personal\\backend-myapp-v2\\vendor\\laravel\\framework\\src\\Illuminate\\Pipeline\\Pipeline.php(183): Illuminate\\Cookie\\Middleware\\EncryptCookies->handle(Object(Illuminate\\Http\\Request), Object(Closure))
#41 C:\\laragon\\www\\Personal\\backend-myapp-v2\\vendor\\filament\\filament\\src\\Http\\Middleware\\SetUpPanel.php(19): Illuminate\\Pipeline\\Pipeline->Illuminate\\Pipeline\\{closure}(Object(Illuminate\\Http\\Request))
#42 C:\\laragon\\www\\Personal\\backend-myapp-v2\\vendor\\laravel\\framework\\src\\Illuminate\\Pipeline\\Pipeline.php(183): Filament\\Http\\Middleware\\SetUpPanel->handle(Object(Illuminate\\Http\\Request), Object(Closure), Object(Filament\\Panel))
#43 C:\\laragon\\www\\Personal\\backend-myapp-v2\\vendor\\laravel\\framework\\src\\Illuminate\\Pipeline\\Pipeline.php(119): Illuminate\\Pipeline\\Pipeline->Illuminate\\Pipeline\\{closure}(Object(Illuminate\\Http\\Request))
#44 C:\\laragon\\www\\Personal\\backend-myapp-v2\\vendor\\laravel\\framework\\src\\Illuminate\\Routing\\Router.php(807): Illuminate\\Pipeline\\Pipeline->then(Object(Closure))
#45 C:\\laragon\\www\\Personal\\backend-myapp-v2\\vendor\\laravel\\framework\\src\\Illuminate\\Routing\\Router.php(786): Illuminate\\Routing\\Router->runRouteWithinStack(Object(Illuminate\\Routing\\Route), Object(Illuminate\\Http\\Request))
#46 C:\\laragon\\www\\Personal\\backend-myapp-v2\\vendor\\laravel\\framework\\src\\Illuminate\\Routing\\Router.php(750): Illuminate\\Routing\\Router->runRoute(Object(Illuminate\\Http\\Request), Object(Illuminate\\Routing\\Route))
#47 C:\\laragon\\www\\Personal\\backend-myapp-v2\\vendor\\laravel\\framework\\src\\Illuminate\\Routing\\Router.php(739): Illuminate\\Routing\\Router->dispatchToRoute(Object(Illuminate\\Http\\Request))
#48 C:\\laragon\\www\\Personal\\backend-myapp-v2\\vendor\\laravel\\framework\\src\\Illuminate\\Foundation\\Http\\Kernel.php(201): Illuminate\\Routing\\Router->dispatch(Object(Illuminate\\Http\\Request))
#49 C:\\laragon\\www\\Personal\\backend-myapp-v2\\vendor\\laravel\\framework\\src\\Illuminate\\Pipeline\\Pipeline.php(144): Illuminate\\Foundation\\Http\\Kernel->Illuminate\\Foundation\\Http\\{closure}(Object(Illuminate\\Http\\Request))
#50 C:\\laragon\\www\\Personal\\backend-myapp-v2\\vendor\\livewire\\livewire\\src\\Features\\SupportDisablingBackButtonCache\\DisableBackButtonCacheMiddleware.php(19): Illuminate\\Pipeline\\Pipeline->Illuminate\\Pipeline\\{closure}(Object(Illuminate\\Http\\Request))
#51 C:\\laragon\\www\\Personal\\backend-myapp-v2\\vendor\\laravel\\framework\\src\\Illuminate\\Pipeline\\Pipeline.php(183): Livewire\\Features\\SupportDisablingBackButtonCache\\DisableBackButtonCacheMiddleware->handle(Object(Illuminate\\Http\\Request), Object(Closure))
#52 C:\\laragon\\www\\Personal\\backend-myapp-v2\\vendor\\laravel\\framework\\src\\Illuminate\\Foundation\\Http\\Middleware\\TransformsRequest.php(21): Illuminate\\Pipeline\\Pipeline->Illuminate\\Pipeline\\{closure}(Object(Illuminate\\Http\\Request))
#53 C:\\laragon\\www\\Personal\\backend-myapp-v2\\vendor\\laravel\\framework\\src\\Illuminate\\Foundation\\Http\\Middleware\\ConvertEmptyStringsToNull.php(31): Illuminate\\Foundation\\Http\\Middleware\\TransformsRequest->handle(Object(Illuminate\\Http\\Request), Object(Closure))
#54 C:\\laragon\\www\\Personal\\backend-myapp-v2\\vendor\\laravel\\framework\\src\\Illuminate\\Pipeline\\Pipeline.php(183): Illuminate\\Foundation\\Http\\Middleware\\ConvertEmptyStringsToNull->handle(Object(Illuminate\\Http\\Request), Object(Closure))
#55 C:\\laragon\\www\\Personal\\backend-myapp-v2\\vendor\\laravel\\framework\\src\\Illuminate\\Foundation\\Http\\Middleware\\TransformsRequest.php(21): Illuminate\\Pipeline\\Pipeline->Illuminate\\Pipeline\\{closure}(Object(Illuminate\\Http\\Request))
#56 C:\\laragon\\www\\Personal\\backend-myapp-v2\\vendor\\laravel\\framework\\src\\Illuminate\\Foundation\\Http\\Middleware\\TrimStrings.php(51): Illuminate\\Foundation\\Http\\Middleware\\TransformsRequest->handle(Object(Illuminate\\Http\\Request), Object(Closure))
#57 C:\\laragon\\www\\Personal\\backend-myapp-v2\\vendor\\laravel\\framework\\src\\Illuminate\\Pipeline\\Pipeline.php(183): Illuminate\\Foundation\\Http\\Middleware\\TrimStrings->handle(Object(Illuminate\\Http\\Request), Object(Closure))
#58 C:\\laragon\\www\\Personal\\backend-myapp-v2\\vendor\\laravel\\framework\\src\\Illuminate\\Http\\Middleware\\ValidatePostSize.php(27): Illuminate\\Pipeline\\Pipeline->Illuminate\\Pipeline\\{closure}(Object(Illuminate\\Http\\Request))
#59 C:\\laragon\\www\\Personal\\backend-myapp-v2\\vendor\\laravel\\framework\\src\\Illuminate\\Pipeline\\Pipeline.php(183): Illuminate\\Http\\Middleware\\ValidatePostSize->handle(Object(Illuminate\\Http\\Request), Object(Closure))
#60 C:\\laragon\\www\\Personal\\backend-myapp-v2\\vendor\\laravel\\framework\\src\\Illuminate\\Foundation\\Http\\Middleware\\PreventRequestsDuringMaintenance.php(110): Illuminate\\Pipeline\\Pipeline->Illuminate\\Pipeline\\{closure}(Object(Illuminate\\Http\\Request))
#61 C:\\laragon\\www\\Personal\\backend-myapp-v2\\vendor\\laravel\\framework\\src\\Illuminate\\Pipeline\\Pipeline.php(183): Illuminate\\Foundation\\Http\\Middleware\\PreventRequestsDuringMaintenance->handle(Object(Illuminate\\Http\\Request), Object(Closure))
#62 C:\\laragon\\www\\Personal\\backend-myapp-v2\\vendor\\laravel\\framework\\src\\Illuminate\\Http\\Middleware\\HandleCors.php(49): Illuminate\\Pipeline\\Pipeline->Illuminate\\Pipeline\\{closure}(Object(Illuminate\\Http\\Request))
#63 C:\\laragon\\www\\Personal\\backend-myapp-v2\\vendor\\laravel\\framework\\src\\Illuminate\\Pipeline\\Pipeline.php(183): Illuminate\\Http\\Middleware\\HandleCors->handle(Object(Illuminate\\Http\\Request), Object(Closure))
#64 C:\\laragon\\www\\Personal\\backend-myapp-v2\\vendor\\laravel\\framework\\src\\Illuminate\\Http\\Middleware\\TrustProxies.php(57): Illuminate\\Pipeline\\Pipeline->Illuminate\\Pipeline\\{closure}(Object(Illuminate\\Http\\Request))
#65 C:\\laragon\\www\\Personal\\backend-myapp-v2\\vendor\\laravel\\framework\\src\\Illuminate\\Pipeline\\Pipeline.php(183): Illuminate\\Http\\Middleware\\TrustProxies->handle(Object(Illuminate\\Http\\Request), Object(Closure))
#66 C:\\laragon\\www\\Personal\\backend-myapp-v2\\vendor\\laravel\\framework\\src\\Illuminate\\Pipeline\\Pipeline.php(119): Illuminate\\Pipeline\\Pipeline->Illuminate\\Pipeline\\{closure}(Object(Illuminate\\Http\\Request))
#67 C:\\laragon\\www\\Personal\\backend-myapp-v2\\vendor\\laravel\\framework\\src\\Illuminate\\Foundation\\Http\\Kernel.php(176): Illuminate\\Pipeline\\Pipeline->then(Object(Closure))
#68 C:\\laragon\\www\\Personal\\backend-myapp-v2\\vendor\\laravel\\framework\\src\\Illuminate\\Foundation\\Http\\Kernel.php(145): Illuminate\\Foundation\\Http\\Kernel->sendRequestThroughRouter(Object(Illuminate\\Http\\Request))
#69 C:\\laragon\\www\\Personal\\backend-myapp-v2\\vendor\\laravel\\framework\\src\\Illuminate\\Foundation\\Application.php(1188): Illuminate\\Foundation\\Http\\Kernel->handle(Object(Illuminate\\Http\\Request))
#70 C:\\laragon\\www\\Personal\\backend-myapp-v2\\public\\index.php(17): Illuminate\\Foundation\\Application->handleRequest(Object(Illuminate\\Http\\Request))
#71 C:\\laragon\\www\\Personal\\backend-myapp-v2\\vendor\\laravel\\framework\\src\\Illuminate\\Foundation\\resources\\server.php(23): require_once('C:\\\\laragon\\\\www\\\\...')
#72 {main}

[previous exception] [object] (Illuminate\\View\\ViewException(code: 0): Filament\\Forms\\Components\\Select::getOptions(): Return value must be of type array, string returned (View: C:\\laragon\\www\\Personal\\backend-myapp-v2\\vendor\\filament\\forms\\resources\\views\\components\\select.blade.php) (View: C:\\laragon\\www\\Personal\\backend-myapp-v2\\vendor\\filament\\forms\\resources\\views\\components\\select.blade.php) at C:\\laragon\\www\\Personal\\backend-myapp-v2\\vendor\\filament\\forms\\src\\Components\\Concerns\\HasOptions.php:57)
[stacktrace]
#0 C:\\laragon\\www\\Personal\\backend-myapp-v2\\vendor\\livewire\\livewire\\src\\Mechanisms\\ExtendBlade\\ExtendedCompilerEngine.php(58): Illuminate\\View\\Engines\\CompilerEngine->handleViewException(Object(Illuminate\\View\\ViewException), 4)
#1 C:\\laragon\\www\\Personal\\backend-myapp-v2\\vendor\\livewire\\livewire\\src\\Mechanisms\\ExtendBlade\\ExtendedCompilerEngine.php(40): Livewire\\Mechanisms\\ExtendBlade\\ExtendedCompilerEngine->handleViewException(Object(Illuminate\\View\\ViewException), 4)
#2 C:\\laragon\\www\\Personal\\backend-myapp-v2\\vendor\\laravel\\framework\\src\\Illuminate\\View\\Engines\\CompilerEngine.php(73): Livewire\\Mechanisms\\ExtendBlade\\ExtendedCompilerEngine->evaluatePath('C:\\\\laragon\\\\www\\\\...', Array)
#3 C:\\laragon\\www\\Personal\\backend-myapp-v2\\vendor\\livewire\\livewire\\src\\Mechanisms\\ExtendBlade\\ExtendedCompilerEngine.php(16): Illuminate\\View\\Engines\\CompilerEngine->get('C:\\\\laragon\\\\www\\\\...', Array)
#4 C:\\laragon\\www\\Personal\\backend-myapp-v2\\vendor\\laravel\\framework\\src\\Illuminate\\View\\View.php(208): Livewire\\Mechanisms\\ExtendBlade\\ExtendedCompilerEngine->get('C:\\\\laragon\\\\www\\\\...', Array)
#5 C:\\laragon\\www\\Personal\\backend-myapp-v2\\vendor\\laravel\\framework\\src\\Illuminate\\View\\View.php(191): Illuminate\\View\\View->getContents()
#6 C:\\laragon\\www\\Personal\\backend-myapp-v2\\vendor\\laravel\\framework\\src\\Illuminate\\View\\View.php(160): Illuminate\\View\\View->renderContents()
#7 C:\\laragon\\www\\Personal\\backend-myapp-v2\\vendor\\filament\\support\\src\\Components\\ViewComponent.php(106): Illuminate\\View\\View->render()
#8 C:\\laragon\\www\\Personal\\backend-myapp-v2\\vendor\\laravel\\framework\\src\\Illuminate\\Support\\helpers.php(128): Filament\\Support\\Components\\ViewComponent->toHtml()
#9 C:\\laragon\\www\\Personal\\backend-myapp-v2\\storage\\framework\\views\\960d6330af54988301e7919008ef5975.php(27): e(Object(Filament\\Forms\\Form))
#10 C:\\laragon\\www\\Personal\\backend-myapp-v2\\vendor\\livewire\\livewire\\src\\Mechanisms\\ExtendBlade\\ExtendedCompilerEngine.php(37): include('C:\\\\laragon\\\\www\\\\...')
#11 C:\\laragon\\www\\Personal\\backend-myapp-v2\\vendor\\livewire\\livewire\\src\\Mechanisms\\ExtendBlade\\ExtendedCompilerEngine.php(38): App\\Filament\\Resources\\ArchivementResource\\Pages\\CreateArchivement->Livewire\\Mechanisms\\ExtendBlade\\{closure}()
#12 C:\\laragon\\www\\Personal\\backend-myapp-v2\\vendor\\laravel\\framework\\src\\Illuminate\\View\\Engines\\CompilerEngine.php(73): Livewire\\Mechanisms\\ExtendBlade\\ExtendedCompilerEngine->evaluatePath('C:\\\\laragon\\\\www\\\\...', Array)
#13 C:\\laragon\\www\\Personal\\backend-myapp-v2\\vendor\\livewire\\livewire\\src\\Mechanisms\\ExtendBlade\\ExtendedCompilerEngine.php(16): Illuminate\\View\\Engines\\CompilerEngine->get('C:\\\\laragon\\\\www\\\\...', Array)
#14 C:\\laragon\\www\\Personal\\backend-myapp-v2\\vendor\\laravel\\framework\\src\\Illuminate\\View\\View.php(208): Livewire\\Mechanisms\\ExtendBlade\\ExtendedCompilerEngine->get('C:\\\\laragon\\\\www\\\\...', Array)
#15 C:\\laragon\\www\\Personal\\backend-myapp-v2\\vendor\\laravel\\framework\\src\\Illuminate\\View\\View.php(191): Illuminate\\View\\View->getContents()
#16 C:\\laragon\\www\\Personal\\backend-myapp-v2\\vendor\\laravel\\framework\\src\\Illuminate\\View\\View.php(160): Illuminate\\View\\View->renderContents()
#17 C:\\laragon\\www\\Personal\\backend-myapp-v2\\vendor\\livewire\\livewire\\src\\Mechanisms\\HandleComponents\\HandleComponents.php(241): Illuminate\\View\\View->render(Object(Closure))
#18 C:\\laragon\\www\\Personal\\backend-myapp-v2\\vendor\\livewire\\livewire\\src\\Mechanisms\\HandleComponents\\HandleComponents.php(285): Livewire\\Mechanisms\\HandleComponents\\HandleComponents->Livewire\\Mechanisms\\HandleComponents\\{closure}()
#19 C:\\laragon\\www\\Personal\\backend-myapp-v2\\vendor\\livewire\\livewire\\src\\Mechanisms\\HandleComponents\\HandleComponents.php(233): Livewire\\Mechanisms\\HandleComponents\\HandleComponents->trackInRenderStack(Object(App\\Filament\\Resources\\ArchivementResource\\Pages\\CreateArchivement), Object(Closure))
#20 C:\\laragon\\www\\Personal\\backend-myapp-v2\\vendor\\livewire\\livewire\\src\\Mechanisms\\HandleComponents\\HandleComponents.php(54): Livewire\\Mechanisms\\HandleComponents\\HandleComponents->render(Object(App\\Filament\\Resources\\ArchivementResource\\Pages\\CreateArchivement), '<div></div>')
#21 C:\\laragon\\www\\Personal\\backend-myapp-v2\\vendor\\livewire\\livewire\\src\\LivewireManager.php(73): Livewire\\Mechanisms\\HandleComponents\\HandleComponents->mount('App\\\\Filament\\\\Re...', Array, NULL)
#22 C:\\laragon\\www\\Personal\\backend-myapp-v2\\vendor\\livewire\\livewire\\src\\Features\\SupportPageComponents\\HandlesPageComponents.php(17): Livewire\\LivewireManager->mount('App\\\\Filament\\\\Re...', Array)
#23 C:\\laragon\\www\\Personal\\backend-myapp-v2\\vendor\\livewire\\livewire\\src\\Features\\SupportPageComponents\\SupportPageComponents.php(117): Livewire\\Component->Livewire\\Features\\SupportPageComponents\\{closure}()
#24 C:\\laragon\\www\\Personal\\backend-myapp-v2\\vendor\\livewire\\livewire\\src\\Features\\SupportPageComponents\\HandlesPageComponents.php(14): Livewire\\Features\\SupportPageComponents\\SupportPageComponents::interceptTheRenderOfTheComponentAndRetreiveTheLayoutConfiguration(Object(Closure))
#25 C:\\laragon\\www\\Personal\\backend-myapp-v2\\vendor\\laravel\\framework\\src\\Illuminate\\Routing\\ControllerDispatcher.php(46): Livewire\\Component->__invoke()
#26 C:\\laragon\\www\\Personal\\backend-myapp-v2\\vendor\\laravel\\framework\\src\\Illuminate\\Routing\\Route.php(260): Illuminate\\Routing\\ControllerDispatcher->dispatch(Object(Illuminate\\Routing\\Route), Object(App\\Filament\\Resources\\ArchivementResource\\Pages\\CreateArchivement), '__invoke')
#27 C:\\laragon\\www\\Personal\\backend-myapp-v2\\vendor\\laravel\\framework\\src\\Illuminate\\Routing\\Route.php(206): Illuminate\\Routing\\Route->runController()
#28 C:\\laragon\\www\\Personal\\backend-myapp-v2\\vendor\\laravel\\framework\\src\\Illuminate\\Routing\\Router.php(808): Illuminate\\Routing\\Route->run()
#29 C:\\laragon\\www\\Personal\\backend-myapp-v2\\vendor\\laravel\\framework\\src\\Illuminate\\Pipeline\\Pipeline.php(144): Illuminate\\Routing\\Router->Illuminate\\Routing\\{closure}(Object(Illuminate\\Http\\Request))
#30 C:\\laragon\\www\\Personal\\backend-myapp-v2\\vendor\\filament\\filament\\src\\Http\\Middleware\\DispatchServingFilamentEvent.php(15): Illuminate\\Pipeline\\Pipeline->Illuminate\\Pipeline\\{closure}(Object(Illuminate\\Http\\Request))
#31 C:\\laragon\\www\\Personal\\backend-myapp-v2\\vendor\\laravel\\framework\\src\\Illuminate\\Pipeline\\Pipeline.php(183): Filament\\Http\\Middleware\\DispatchServingFilamentEvent->handle(Object(Illuminate\\Http\\Request), Object(Closure))
#32 C:\\laragon\\www\\Personal\\backend-myapp-v2\\vendor\\filament\\filament\\src\\Http\\Middleware\\DisableBladeIconComponents.php(14): Illuminate\\Pipeline\\Pipeline->Illuminate\\Pipeline\\{closure}(Object(Illuminate\\Http\\Request))
#33 C:\\laragon\\www\\Personal\\backend-myapp-v2\\vendor\\laravel\\framework\\src\\Illuminate\\Pipeline\\Pipeline.php(183): Filament\\Http\\Middleware\\DisableBladeIconComponents->handle(Object(Illuminate\\Http\\Request), Object(Closure))
#34 C:\\laragon\\www\\Personal\\backend-myapp-v2\\vendor\\laravel\\framework\\src\\Illuminate\\Routing\\Middleware\\SubstituteBindings.php(51): Illuminate\\Pipeline\\Pipeline->Illuminate\\Pipeline\\{closure}(Object(Illuminate\\Http\\Request))
#35 C:\\laragon\\www\\Personal\\backend-myapp-v2\\vendor\\laravel\\framework\\src\\Illuminate\\Pipeline\\Pipeline.php(183): Illuminate\\Routing\\Middleware\\SubstituteBindings->handle(Object(Illuminate\\Http\\Request), Object(Closure))
#36 C:\\laragon\\www\\Personal\\backend-myapp-v2\\vendor\\laravel\\framework\\src\\Illuminate\\Foundation\\Http\\Middleware\\VerifyCsrfToken.php(88): Illuminate\\Pipeline\\Pipeline->Illuminate\\Pipeline\\{closure}(Object(Illuminate\\Http\\Request))
#37 C:\\laragon\\www\\Personal\\backend-myapp-v2\\vendor\\laravel\\framework\\src\\Illuminate\\Pipeline\\Pipeline.php(183): Illuminate\\Foundation\\Http\\Middleware\\VerifyCsrfToken->handle(Object(Illuminate\\Http\\Request), Object(Closure))
#38 C:\\laragon\\www\\Personal\\backend-myapp-v2\\vendor\\laravel\\framework\\src\\Illuminate\\Session\\Middleware\\AuthenticateSession.php(67): Illuminate\\Pipeline\\Pipeline->Illuminate\\Pipeline\\{closure}(Object(Illuminate\\Http\\Request))
#39 C:\\laragon\\www\\Personal\\backend-myapp-v2\\vendor\\laravel\\framework\\src\\Illuminate\\Pipeline\\Pipeline.php(183): Illuminate\\Session\\Middleware\\AuthenticateSession->handle(Object(Illuminate\\Http\\Request), Object(Closure))
#40 C:\\laragon\\www\\Personal\\backend-myapp-v2\\vendor\\laravel\\framework\\src\\Illuminate\\Auth\\Middleware\\Authenticate.php(64): Illuminate\\Pipeline\\Pipeline->Illuminate\\Pipeline\\{closure}(Object(Illuminate\\Http\\Request))
#41 C:\\laragon\\www\\Personal\\backend-myapp-v2\\vendor\\laravel\\framework\\src\\Illuminate\\Pipeline\\Pipeline.php(183): Illuminate\\Auth\\Middleware\\Authenticate->handle(Object(Illuminate\\Http\\Request), Object(Closure))
#42 C:\\laragon\\www\\Personal\\backend-myapp-v2\\vendor\\laravel\\framework\\src\\Illuminate\\View\\Middleware\\ShareErrorsFromSession.php(49): Illuminate\\Pipeline\\Pipeline->Illuminate\\Pipeline\\{closure}(Object(Illuminate\\Http\\Request))
#43 C:\\laragon\\www\\Personal\\backend-myapp-v2\\vendor\\laravel\\framework\\src\\Illuminate\\Pipeline\\Pipeline.php(183): Illuminate\\View\\Middleware\\ShareErrorsFromSession->handle(Object(Illuminate\\Http\\Request), Object(Closure))
#44 C:\\laragon\\www\\Personal\\backend-myapp-v2\\vendor\\laravel\\framework\\src\\Illuminate\\Session\\Middleware\\StartSession.php(121): Illuminate\\Pipeline\\Pipeline->Illuminate\\Pipeline\\{closure}(Object(Illuminate\\Http\\Request))
#45 C:\\laragon\\www\\Personal\\backend-myapp-v2\\vendor\\laravel\\framework\\src\\Illuminate\\Session\\Middleware\\StartSession.php(64): Illuminate\\Session\\Middleware\\StartSession->handleStatefulRequest(Object(Illuminate\\Http\\Request), Object(Illuminate\\Session\\Store), Object(Closure))
#46 C:\\laragon\\www\\Personal\\backend-myapp-v2\\vendor\\laravel\\framework\\src\\Illuminate\\Pipeline\\Pipeline.php(183): Illuminate\\Session\\Middleware\\StartSession->handle(Object(Illuminate\\Http\\Request), Object(Closure))
#47 C:\\laragon\\www\\Personal\\backend-myapp-v2\\vendor\\laravel\\framework\\src\\Illuminate\\Cookie\\Middleware\\AddQueuedCookiesToResponse.php(37): Illuminate\\Pipeline\\Pipeline->Illuminate\\Pipeline\\{closure}(Object(Illuminate\\Http\\Request))
#48 C:\\laragon\\www\\Personal\\backend-myapp-v2\\vendor\\laravel\\framework\\src\\Illuminate\\Pipeline\\Pipeline.php(183): Illuminate\\Cookie\\Middleware\\AddQueuedCookiesToResponse->handle(Object(Illuminate\\Http\\Request), Object(Closure))
#49 C:\\laragon\\www\\Personal\\backend-myapp-v2\\vendor\\laravel\\framework\\src\\Illuminate\\Cookie\\Middleware\\EncryptCookies.php(75): Illuminate\\Pipeline\\Pipeline->Illuminate\\Pipeline\\{closure}(Object(Illuminate\\Http\\Request))
#50 C:\\laragon\\www\\Personal\\backend-myapp-v2\\vendor\\laravel\\framework\\src\\Illuminate\\Pipeline\\Pipeline.php(183): Illuminate\\Cookie\\Middleware\\EncryptCookies->handle(Object(Illuminate\\Http\\Request), Object(Closure))
#51 C:\\laragon\\www\\Personal\\backend-myapp-v2\\vendor\\filament\\filament\\src\\Http\\Middleware\\SetUpPanel.php(19): Illuminate\\Pipeline\\Pipeline->Illuminate\\Pipeline\\{closure}(Object(Illuminate\\Http\\Request))
#52 C:\\laragon\\www\\Personal\\backend-myapp-v2\\vendor\\laravel\\framework\\src\\Illuminate\\Pipeline\\Pipeline.php(183): Filament\\Http\\Middleware\\SetUpPanel->handle(Object(Illuminate\\Http\\Request), Object(Closure), Object(Filament\\Panel))
#53 C:\\laragon\\www\\Personal\\backend-myapp-v2\\vendor\\laravel\\framework\\src\\Illuminate\\Pipeline\\Pipeline.php(119): Illuminate\\Pipeline\\Pipeline->Illuminate\\Pipeline\\{closure}(Object(Illuminate\\Http\\Request))
#54 C:\\laragon\\www\\Personal\\backend-myapp-v2\\vendor\\laravel\\framework\\src\\Illuminate\\Routing\\Router.php(807): Illuminate\\Pipeline\\Pipeline->then(Object(Closure))
#55 C:\\laragon\\www\\Personal\\backend-myapp-v2\\vendor\\laravel\\framework\\src\\Illuminate\\Routing\\Router.php(786): Illuminate\\Routing\\Router->runRouteWithinStack(Object(Illuminate\\Routing\\Route), Object(Illuminate\\Http\\Request))
#56 C:\\laragon\\www\\Personal\\backend-myapp-v2\\vendor\\laravel\\framework\\src\\Illuminate\\Routing\\Router.php(750): Illuminate\\Routing\\Router->runRoute(Object(Illuminate\\Http\\Request), Object(Illuminate\\Routing\\Route))
#57 C:\\laragon\\www\\Personal\\backend-myapp-v2\\vendor\\laravel\\framework\\src\\Illuminate\\Routing\\Router.php(739): Illuminate\\Routing\\Router->dispatchToRoute(Object(Illuminate\\Http\\Request))
#58 C:\\laragon\\www\\Personal\\backend-myapp-v2\\vendor\\laravel\\framework\\src\\Illuminate\\Foundation\\Http\\Kernel.php(201): Illuminate\\Routing\\Router->dispatch(Object(Illuminate\\Http\\Request))
#59 C:\\laragon\\www\\Personal\\backend-myapp-v2\\vendor\\laravel\\framework\\src\\Illuminate\\Pipeline\\Pipeline.php(144): Illuminate\\Foundation\\Http\\Kernel->Illuminate\\Foundation\\Http\\{closure}(Object(Illuminate\\Http\\Request))
#60 C:\\laragon\\www\\Personal\\backend-myapp-v2\\vendor\\livewire\\livewire\\src\\Features\\SupportDisablingBackButtonCache\\DisableBackButtonCacheMiddleware.php(19): Illuminate\\Pipeline\\Pipeline->Illuminate\\Pipeline\\{closure}(Object(Illuminate\\Http\\Request))
#61 C:\\laragon\\www\\Personal\\backend-myapp-v2\\vendor\\laravel\\framework\\src\\Illuminate\\Pipeline\\Pipeline.php(183): Livewire\\Features\\SupportDisablingBackButtonCache\\DisableBackButtonCacheMiddleware->handle(Object(Illuminate\\Http\\Request), Object(Closure))
#62 C:\\laragon\\www\\Personal\\backend-myapp-v2\\vendor\\laravel\\framework\\src\\Illuminate\\Foundation\\Http\\Middleware\\TransformsRequest.php(21): Illuminate\\Pipeline\\Pipeline->Illuminate\\Pipeline\\{closure}(Object(Illuminate\\Http\\Request))
#63 C:\\laragon\\www\\Personal\\backend-myapp-v2\\vendor\\laravel\\framework\\src\\Illuminate\\Foundation\\Http\\Middleware\\ConvertEmptyStringsToNull.php(31): Illuminate\\Foundation\\Http\\Middleware\\TransformsRequest->handle(Object(Illuminate\\Http\\Request), Object(Closure))
#64 C:\\laragon\\www\\Personal\\backend-myapp-v2\\vendor\\laravel\\framework\\src\\Illuminate\\Pipeline\\Pipeline.php(183): Illuminate\\Foundation\\Http\\Middleware\\ConvertEmptyStringsToNull->handle(Object(Illuminate\\Http\\Request), Object(Closure))
#65 C:\\laragon\\www\\Personal\\backend-myapp-v2\\vendor\\laravel\\framework\\src\\Illuminate\\Foundation\\Http\\Middleware\\TransformsRequest.php(21): Illuminate\\Pipeline\\Pipeline->Illuminate\\Pipeline\\{closure}(Object(Illuminate\\Http\\Request))
#66 C:\\laragon\\www\\Personal\\backend-myapp-v2\\vendor\\laravel\\framework\\src\\Illuminate\\Foundation\\Http\\Middleware\\TrimStrings.php(51): Illuminate\\Foundation\\Http\\Middleware\\TransformsRequest->handle(Object(Illuminate\\Http\\Request), Object(Closure))
#67 C:\\laragon\\www\\Personal\\backend-myapp-v2\\vendor\\laravel\\framework\\src\\Illuminate\\Pipeline\\Pipeline.php(183): Illuminate\\Foundation\\Http\\Middleware\\TrimStrings->handle(Object(Illuminate\\Http\\Request), Object(Closure))
#68 C:\\laragon\\www\\Personal\\backend-myapp-v2\\vendor\\laravel\\framework\\src\\Illuminate\\Http\\Middleware\\ValidatePostSize.php(27): Illuminate\\Pipeline\\Pipeline->Illuminate\\Pipeline\\{closure}(Object(Illuminate\\Http\\Request))
#69 C:\\laragon\\www\\Personal\\backend-myapp-v2\\vendor\\laravel\\framework\\src\\Illuminate\\Pipeline\\Pipeline.php(183): Illuminate\\Http\\Middleware\\ValidatePostSize->handle(Object(Illuminate\\Http\\Request), Object(Closure))
#70 C:\\laragon\\www\\Personal\\backend-myapp-v2\\vendor\\laravel\\framework\\src\\Illuminate\\Foundation\\Http\\Middleware\\PreventRequestsDuringMaintenance.php(110): Illuminate\\Pipeline\\Pipeline->Illuminate\\Pipeline\\{closure}(Object(Illuminate\\Http\\Request))
#71 C:\\laragon\\www\\Personal\\backend-myapp-v2\\vendor\\laravel\\framework\\src\\Illuminate\\Pipeline\\Pipeline.php(183): Illuminate\\Foundation\\Http\\Middleware\\PreventRequestsDuringMaintenance->handle(Object(Illuminate\\Http\\Request), Object(Closure))
#72 C:\\laragon\\www\\Personal\\backend-myapp-v2\\vendor\\laravel\\framework\\src\\Illuminate\\Http\\Middleware\\HandleCors.php(49): Illuminate\\Pipeline\\Pipeline->Illuminate\\Pipeline\\{closure}(Object(Illuminate\\Http\\Request))
#73 C:\\laragon\\www\\Personal\\backend-myapp-v2\\vendor\\laravel\\framework\\src\\Illuminate\\Pipeline\\Pipeline.php(183): Illuminate\\Http\\Middleware\\HandleCors->handle(Object(Illuminate\\Http\\Request), Object(Closure))
#74 C:\\laragon\\www\\Personal\\backend-myapp-v2\\vendor\\laravel\\framework\\src\\Illuminate\\Http\\Middleware\\TrustProxies.php(57): Illuminate\\Pipeline\\Pipeline->Illuminate\\Pipeline\\{closure}(Object(Illuminate\\Http\\Request))
#75 C:\\laragon\\www\\Personal\\backend-myapp-v2\\vendor\\laravel\\framework\\src\\Illuminate\\Pipeline\\Pipeline.php(183): Illuminate\\Http\\Middleware\\TrustProxies->handle(Object(Illuminate\\Http\\Request), Object(Closure))
#76 C:\\laragon\\www\\Personal\\backend-myapp-v2\\vendor\\laravel\\framework\\src\\Illuminate\\Pipeline\\Pipeline.php(119): Illuminate\\Pipeline\\Pipeline->Illuminate\\Pipeline\\{closure}(Object(Illuminate\\Http\\Request))
#77 C:\\laragon\\www\\Personal\\backend-myapp-v2\\vendor\\laravel\\framework\\src\\Illuminate\\Foundation\\Http\\Kernel.php(176): Illuminate\\Pipeline\\Pipeline->then(Object(Closure))
#78 C:\\laragon\\www\\Personal\\backend-myapp-v2\\vendor\\laravel\\framework\\src\\Illuminate\\Foundation\\Http\\Kernel.php(145): Illuminate\\Foundation\\Http\\Kernel->sendRequestThroughRouter(Object(Illuminate\\Http\\Request))
#79 C:\\laragon\\www\\Personal\\backend-myapp-v2\\vendor\\laravel\\framework\\src\\Illuminate\\Foundation\\Application.php(1188): Illuminate\\Foundation\\Http\\Kernel->handle(Object(Illuminate\\Http\\Request))
#80 C:\\laragon\\www\\Personal\\backend-myapp-v2\\public\\index.php(17): Illuminate\\Foundation\\Application->handleRequest(Object(Illuminate\\Http\\Request))
#81 C:\\laragon\\www\\Personal\\backend-myapp-v2\\vendor\\laravel\\framework\\src\\Illuminate\\Foundation\\resources\\server.php(23): require_once('C:\\\\laragon\\\\www\\\\...')
#82 {main}

[previous exception] [object] (Illuminate\\View\\ViewException(code: 0): Filament\\Forms\\Components\\Select::getOptions(): Return value must be of type array, string returned (View: C:\\laragon\\www\\Personal\\backend-myapp-v2\\vendor\\filament\\forms\\resources\\views\\components\\select.blade.php) at C:\\laragon\\www\\Personal\\backend-myapp-v2\\vendor\\filament\\forms\\src\\Components\\Concerns\\HasOptions.php:57)
[stacktrace]
#0 C:\\laragon\\www\\Personal\\backend-myapp-v2\\vendor\\livewire\\livewire\\src\\Mechanisms\\ExtendBlade\\ExtendedCompilerEngine.php(58): Illuminate\\View\\Engines\\CompilerEngine->handleViewException(Object(TypeError), 7)
#1 C:\\laragon\\www\\Personal\\backend-myapp-v2\\vendor\\livewire\\livewire\\src\\Mechanisms\\ExtendBlade\\ExtendedCompilerEngine.php(40): Livewire\\Mechanisms\\ExtendBlade\\ExtendedCompilerEngine->handleViewException(Object(TypeError), 7)
#2 C:\\laragon\\www\\Personal\\backend-myapp-v2\\vendor\\laravel\\framework\\src\\Illuminate\\View\\Engines\\CompilerEngine.php(73): Livewire\\Mechanisms\\ExtendBlade\\ExtendedCompilerEngine->evaluatePath('C:\\\\laragon\\\\www\\\\...', Array)
#3 C:\\laragon\\www\\Personal\\backend-myapp-v2\\vendor\\livewire\\livewire\\src\\Mechanisms\\ExtendBlade\\ExtendedCompilerEngine.php(16): Illuminate\\View\\Engines\\CompilerEngine->get('C:\\\\laragon\\\\www\\\\...', Array)
#4 C:\\laragon\\www\\Personal\\backend-myapp-v2\\vendor\\laravel\\framework\\src\\Illuminate\\View\\View.php(208): Livewire\\Mechanisms\\ExtendBlade\\ExtendedCompilerEngine->get('C:\\\\laragon\\\\www\\\\...', Array)
#5 C:\\laragon\\www\\Personal\\backend-myapp-v2\\vendor\\laravel\\framework\\src\\Illuminate\\View\\View.php(191): Illuminate\\View\\View->getContents()
#6 C:\\laragon\\www\\Personal\\backend-myapp-v2\\vendor\\laravel\\framework\\src\\Illuminate\\View\\View.php(160): Illuminate\\View\\View->renderContents()
#7 C:\\laragon\\www\\Personal\\backend-myapp-v2\\vendor\\filament\\support\\src\\Components\\ViewComponent.php(106): Illuminate\\View\\View->render()
#8 C:\\laragon\\www\\Personal\\backend-myapp-v2\\vendor\\laravel\\framework\\src\\Illuminate\\Support\\helpers.php(128): Filament\\Support\\Components\\ViewComponent->toHtml()
#9 C:\\laragon\\www\\Personal\\backend-myapp-v2\\storage\\framework\\views\\f1710d46785193549cb34f7f9e9aa42e.php(140): e(Object(Filament\\Forms\\Components\\Select))
#10 C:\\laragon\\www\\Personal\\backend-myapp-v2\\vendor\\livewire\\livewire\\src\\Mechanisms\\ExtendBlade\\ExtendedCompilerEngine.php(37): include('C:\\\\laragon\\\\www\\\\...')
#11 C:\\laragon\\www\\Personal\\backend-myapp-v2\\vendor\\livewire\\livewire\\src\\Mechanisms\\ExtendBlade\\ExtendedCompilerEngine.php(38): App\\Filament\\Resources\\ArchivementResource\\Pages\\CreateArchivement->Livewire\\Mechanisms\\ExtendBlade\\{closure}()
#12 C:\\laragon\\www\\Personal\\backend-myapp-v2\\vendor\\laravel\\framework\\src\\Illuminate\\View\\Engines\\CompilerEngine.php(73): Livewire\\Mechanisms\\ExtendBlade\\ExtendedCompilerEngine->evaluatePath('C:\\\\laragon\\\\www\\\\...', Array)
#13 C:\\laragon\\www\\Personal\\backend-myapp-v2\\vendor\\livewire\\livewire\\src\\Mechanisms\\ExtendBlade\\ExtendedCompilerEngine.php(16): Illuminate\\View\\Engines\\CompilerEngine->get('C:\\\\laragon\\\\www\\\\...', Array)
#14 C:\\laragon\\www\\Personal\\backend-myapp-v2\\vendor\\laravel\\framework\\src\\Illuminate\\View\\View.php(208): Livewire\\Mechanisms\\ExtendBlade\\ExtendedCompilerEngine->get('C:\\\\laragon\\\\www\\\\...', Array)
#15 C:\\laragon\\www\\Personal\\backend-myapp-v2\\vendor\\laravel\\framework\\src\\Illuminate\\View\\View.php(191): Illuminate\\View\\View->getContents()
#16 C:\\laragon\\www\\Personal\\backend-myapp-v2\\vendor\\laravel\\framework\\src\\Illuminate\\View\\View.php(160): Illuminate\\View\\View->renderContents()
#17 C:\\laragon\\www\\Personal\\backend-myapp-v2\\vendor\\filament\\support\\src\\Components\\ViewComponent.php(106): Illuminate\\View\\View->render()
#18 C:\\laragon\\www\\Personal\\backend-myapp-v2\\vendor\\laravel\\framework\\src\\Illuminate\\Support\\helpers.php(128): Filament\\Support\\Components\\ViewComponent->toHtml()
#19 C:\\laragon\\www\\Personal\\backend-myapp-v2\\storage\\framework\\views\\960d6330af54988301e7919008ef5975.php(27): e(Object(Filament\\Forms\\Form))
#20 C:\\laragon\\www\\Personal\\backend-myapp-v2\\vendor\\livewire\\livewire\\src\\Mechanisms\\ExtendBlade\\ExtendedCompilerEngine.php(37): include('C:\\\\laragon\\\\www\\\\...')
#21 C:\\laragon\\www\\Personal\\backend-myapp-v2\\vendor\\livewire\\livewire\\src\\Mechanisms\\ExtendBlade\\ExtendedCompilerEngine.php(38): App\\Filament\\Resources\\ArchivementResource\\Pages\\CreateArchivement->Livewire\\Mechanisms\\ExtendBlade\\{closure}()
#22 C:\\laragon\\www\\Personal\\backend-myapp-v2\\vendor\\laravel\\framework\\src\\Illuminate\\View\\Engines\\CompilerEngine.php(73): Livewire\\Mechanisms\\ExtendBlade\\ExtendedCompilerEngine->evaluatePath('C:\\\\laragon\\\\www\\\\...', Array)
#23 C:\\laragon\\www\\Personal\\backend-myapp-v2\\vendor\\livewire\\livewire\\src\\Mechanisms\\ExtendBlade\\ExtendedCompilerEngine.php(16): Illuminate\\View\\Engines\\CompilerEngine->get('C:\\\\laragon\\\\www\\\\...', Array)
#24 C:\\laragon\\www\\Personal\\backend-myapp-v2\\vendor\\laravel\\framework\\src\\Illuminate\\View\\View.php(208): Livewire\\Mechanisms\\ExtendBlade\\ExtendedCompilerEngine->get('C:\\\\laragon\\\\www\\\\...', Array)
#25 C:\\laragon\\www\\Personal\\backend-myapp-v2\\vendor\\laravel\\framework\\src\\Illuminate\\View\\View.php(191): Illuminate\\View\\View->getContents()
#26 C:\\laragon\\www\\Personal\\backend-myapp-v2\\vendor\\laravel\\framework\\src\\Illuminate\\View\\View.php(160): Illuminate\\View\\View->renderContents()
#27 C:\\laragon\\www\\Personal\\backend-myapp-v2\\vendor\\livewire\\livewire\\src\\Mechanisms\\HandleComponents\\HandleComponents.php(241): Illuminate\\View\\View->render(Object(Closure))
#28 C:\\laragon\\www\\Personal\\backend-myapp-v2\\vendor\\livewire\\livewire\\src\\Mechanisms\\HandleComponents\\HandleComponents.php(285): Livewire\\Mechanisms\\HandleComponents\\HandleComponents->Livewire\\Mechanisms\\HandleComponents\\{closure}()
#29 C:\\laragon\\www\\Personal\\backend-myapp-v2\\vendor\\livewire\\livewire\\src\\Mechanisms\\HandleComponents\\HandleComponents.php(233): Livewire\\Mechanisms\\HandleComponents\\HandleComponents->trackInRenderStack(Object(App\\Filament\\Resources\\ArchivementResource\\Pages\\CreateArchivement), Object(Closure))
#30 C:\\laragon\\www\\Personal\\backend-myapp-v2\\vendor\\livewire\\livewire\\src\\Mechanisms\\HandleComponents\\HandleComponents.php(54): Livewire\\Mechanisms\\HandleComponents\\HandleComponents->render(Object(App\\Filament\\Resources\\ArchivementResource\\Pages\\CreateArchivement), '<div></div>')
#31 C:\\laragon\\www\\Personal\\backend-myapp-v2\\vendor\\livewire\\livewire\\src\\LivewireManager.php(73): Livewire\\Mechanisms\\HandleComponents\\HandleComponents->mount('App\\\\Filament\\\\Re...', Array, NULL)
#32 C:\\laragon\\www\\Personal\\backend-myapp-v2\\vendor\\livewire\\livewire\\src\\Features\\SupportPageComponents\\HandlesPageComponents.php(17): Livewire\\LivewireManager->mount('App\\\\Filament\\\\Re...', Array)
#33 C:\\laragon\\www\\Personal\\backend-myapp-v2\\vendor\\livewire\\livewire\\src\\Features\\SupportPageComponents\\SupportPageComponents.php(117): Livewire\\Component->Livewire\\Features\\SupportPageComponents\\{closure}()
#34 C:\\laragon\\www\\Personal\\backend-myapp-v2\\vendor\\livewire\\livewire\\src\\Features\\SupportPageComponents\\HandlesPageComponents.php(14): Livewire\\Features\\SupportPageComponents\\SupportPageComponents::interceptTheRenderOfTheComponentAndRetreiveTheLayoutConfiguration(Object(Closure))
#35 C:\\laragon\\www\\Personal\\backend-myapp-v2\\vendor\\laravel\\framework\\src\\Illuminate\\Routing\\ControllerDispatcher.php(46): Livewire\\Component->__invoke()
#36 C:\\laragon\\www\\Personal\\backend-myapp-v2\\vendor\\laravel\\framework\\src\\Illuminate\\Routing\\Route.php(260): Illuminate\\Routing\\ControllerDispatcher->dispatch(Object(Illuminate\\Routing\\Route), Object(App\\Filament\\Resources\\ArchivementResource\\Pages\\CreateArchivement), '__invoke')
#37 C:\\laragon\\www\\Personal\\backend-myapp-v2\\vendor\\laravel\\framework\\src\\Illuminate\\Routing\\Route.php(206): Illuminate\\Routing\\Route->runController()
#38 C:\\laragon\\www\\Personal\\backend-myapp-v2\\vendor\\laravel\\framework\\src\\Illuminate\\Routing\\Router.php(808): Illuminate\\Routing\\Route->run()
#39 C:\\laragon\\www\\Personal\\backend-myapp-v2\\vendor\\laravel\\framework\\src\\Illuminate\\Pipeline\\Pipeline.php(144): Illuminate\\Routing\\Router->Illuminate\\Routing\\{closure}(Object(Illuminate\\Http\\Request))
#40 C:\\laragon\\www\\Personal\\backend-myapp-v2\\vendor\\filament\\filament\\src\\Http\\Middleware\\DispatchServingFilamentEvent.php(15): Illuminate\\Pipeline\\Pipeline->Illuminate\\Pipeline\\{closure}(Object(Illuminate\\Http\\Request))
#41 C:\\laragon\\www\\Personal\\backend-myapp-v2\\vendor\\laravel\\framework\\src\\Illuminate\\Pipeline\\Pipeline.php(183): Filament\\Http\\Middleware\\DispatchServingFilamentEvent->handle(Object(Illuminate\\Http\\Request), Object(Closure))
#42 C:\\laragon\\www\\Personal\\backend-myapp-v2\\vendor\\filament\\filament\\src\\Http\\Middleware\\DisableBladeIconComponents.php(14): Illuminate\\Pipeline\\Pipeline->Illuminate\\Pipeline\\{closure}(Object(Illuminate\\Http\\Request))
#43 C:\\laragon\\www\\Personal\\backend-myapp-v2\\vendor\\laravel\\framework\\src\\Illuminate\\Pipeline\\Pipeline.php(183): Filament\\Http\\Middleware\\DisableBladeIconComponents->handle(Object(Illuminate\\Http\\Request), Object(Closure))
#44 C:\\laragon\\www\\Personal\\backend-myapp-v2\\vendor\\laravel\\framework\\src\\Illuminate\\Routing\\Middleware\\SubstituteBindings.php(51): Illuminate\\Pipeline\\Pipeline->Illuminate\\Pipeline\\{closure}(Object(Illuminate\\Http\\Request))
#45 C:\\laragon\\www\\Personal\\backend-myapp-v2\\vendor\\laravel\\framework\\src\\Illuminate\\Pipeline\\Pipeline.php(183): Illuminate\\Routing\\Middleware\\SubstituteBindings->handle(Object(Illuminate\\Http\\Request), Object(Closure))
#46 C:\\laragon\\www\\Personal\\backend-myapp-v2\\vendor\\laravel\\framework\\src\\Illuminate\\Foundation\\Http\\Middleware\\VerifyCsrfToken.php(88): Illuminate\\Pipeline\\Pipeline->Illuminate\\Pipeline\\{closure}(Object(Illuminate\\Http\\Request))
#47 C:\\laragon\\www\\Personal\\backend-myapp-v2\\vendor\\laravel\\framework\\src\\Illuminate\\Pipeline\\Pipeline.php(183): Illuminate\\Foundation\\Http\\Middleware\\VerifyCsrfToken->handle(Object(Illuminate\\Http\\Request), Object(Closure))
#48 C:\\laragon\\www\\Personal\\backend-myapp-v2\\vendor\\laravel\\framework\\src\\Illuminate\\Session\\Middleware\\AuthenticateSession.php(67): Illuminate\\Pipeline\\Pipeline->Illuminate\\Pipeline\\{closure}(Object(Illuminate\\Http\\Request))
#49 C:\\laragon\\www\\Personal\\backend-myapp-v2\\vendor\\laravel\\framework\\src\\Illuminate\\Pipeline\\Pipeline.php(183): Illuminate\\Session\\Middleware\\AuthenticateSession->handle(Object(Illuminate\\Http\\Request), Object(Closure))
#50 C:\\laragon\\www\\Personal\\backend-myapp-v2\\vendor\\laravel\\framework\\src\\Illuminate\\Auth\\Middleware\\Authenticate.php(64): Illuminate\\Pipeline\\Pipeline->Illuminate\\Pipeline\\{closure}(Object(Illuminate\\Http\\Request))
#51 C:\\laragon\\www\\Personal\\backend-myapp-v2\\vendor\\laravel\\framework\\src\\Illuminate\\Pipeline\\Pipeline.php(183): Illuminate\\Auth\\Middleware\\Authenticate->handle(Object(Illuminate\\Http\\Request), Object(Closure))
#52 C:\\laragon\\www\\Personal\\backend-myapp-v2\\vendor\\laravel\\framework\\src\\Illuminate\\View\\Middleware\\ShareErrorsFromSession.php(49): Illuminate\\Pipeline\\Pipeline->Illuminate\\Pipeline\\{closure}(Object(Illuminate\\Http\\Request))
#53 C:\\laragon\\www\\Personal\\backend-myapp-v2\\vendor\\laravel\\framework\\src\\Illuminate\\Pipeline\\Pipeline.php(183): Illuminate\\View\\Middleware\\ShareErrorsFromSession->handle(Object(Illuminate\\Http\\Request), Object(Closure))
#54 C:\\laragon\\www\\Personal\\backend-myapp-v2\\vendor\\laravel\\framework\\src\\Illuminate\\Session\\Middleware\\StartSession.php(121): Illuminate\\Pipeline\\Pipeline->Illuminate\\Pipeline\\{closure}(Object(Illuminate\\Http\\Request))
#55 C:\\laragon\\www\\Personal\\backend-myapp-v2\\vendor\\laravel\\framework\\src\\Illuminate\\Session\\Middleware\\StartSession.php(64): Illuminate\\Session\\Middleware\\StartSession->handleStatefulRequest(Object(Illuminate\\Http\\Request), Object(Illuminate\\Session\\Store), Object(Closure))
#56 C:\\laragon\\www\\Personal\\backend-myapp-v2\\vendor\\laravel\\framework\\src\\Illuminate\\Pipeline\\Pipeline.php(183): Illuminate\\Session\\Middleware\\StartSession->handle(Object(Illuminate\\Http\\Request), Object(Closure))
#57 C:\\laragon\\www\\Personal\\backend-myapp-v2\\vendor\\laravel\\framework\\src\\Illuminate\\Cookie\\Middleware\\AddQueuedCookiesToResponse.php(37): Illuminate\\Pipeline\\Pipeline->Illuminate\\Pipeline\\{closure}(Object(Illuminate\\Http\\Request))
#58 C:\\laragon\\www\\Personal\\backend-myapp-v2\\vendor\\laravel\\framework\\src\\Illuminate\\Pipeline\\Pipeline.php(183): Illuminate\\Cookie\\Middleware\\AddQueuedCookiesToResponse->handle(Object(Illuminate\\Http\\Request), Object(Closure))
#59 C:\\laragon\\www\\Personal\\backend-myapp-v2\\vendor\\laravel\\framework\\src\\Illuminate\\Cookie\\Middleware\\EncryptCookies.php(75): Illuminate\\Pipeline\\Pipeline->Illuminate\\Pipeline\\{closure}(Object(Illuminate\\Http\\Request))
#60 C:\\laragon\\www\\Personal\\backend-myapp-v2\\vendor\\laravel\\framework\\src\\Illuminate\\Pipeline\\Pipeline.php(183): Illuminate\\Cookie\\Middleware\\EncryptCookies->handle(Object(Illuminate\\Http\\Request), Object(Closure))
#61 C:\\laragon\\www\\Personal\\backend-myapp-v2\\vendor\\filament\\filament\\src\\Http\\Middleware\\SetUpPanel.php(19): Illuminate\\Pipeline\\Pipeline->Illuminate\\Pipeline\\{closure}(Object(Illuminate\\Http\\Request))
#62 C:\\laragon\\www\\Personal\\backend-myapp-v2\\vendor\\laravel\\framework\\src\\Illuminate\\Pipeline\\Pipeline.php(183): Filament\\Http\\Middleware\\SetUpPanel->handle(Object(Illuminate\\Http\\Request), Object(Closure), Object(Filament\\Panel))
#63 C:\\laragon\\www\\Personal\\backend-myapp-v2\\vendor\\laravel\\framework\\src\\Illuminate\\Pipeline\\Pipeline.php(119): Illuminate\\Pipeline\\Pipeline->Illuminate\\Pipeline\\{closure}(Object(Illuminate\\Http\\Request))
#64 C:\\laragon\\www\\Personal\\backend-myapp-v2\\vendor\\laravel\\framework\\src\\Illuminate\\Routing\\Router.php(807): Illuminate\\Pipeline\\Pipeline->then(Object(Closure))
#65 C:\\laragon\\www\\Personal\\backend-myapp-v2\\vendor\\laravel\\framework\\src\\Illuminate\\Routing\\Router.php(786): Illuminate\\Routing\\Router->runRouteWithinStack(Object(Illuminate\\Routing\\Route), Object(Illuminate\\Http\\Request))
#66 C:\\laragon\\www\\Personal\\backend-myapp-v2\\vendor\\laravel\\framework\\src\\Illuminate\\Routing\\Router.php(750): Illuminate\\Routing\\Router->runRoute(Object(Illuminate\\Http\\Request), Object(Illuminate\\Routing\\Route))
#67 C:\\laragon\\www\\Personal\\backend-myapp-v2\\vendor\\laravel\\framework\\src\\Illuminate\\Routing\\Router.php(739): Illuminate\\Routing\\Router->dispatchToRoute(Object(Illuminate\\Http\\Request))
#68 C:\\laragon\\www\\Personal\\backend-myapp-v2\\vendor\\laravel\\framework\\src\\Illuminate\\Foundation\\Http\\Kernel.php(201): Illuminate\\Routing\\Router->dispatch(Object(Illuminate\\Http\\Request))
#69 C:\\laragon\\www\\Personal\\backend-myapp-v2\\vendor\\laravel\\framework\\src\\Illuminate\\Pipeline\\Pipeline.php(144): Illuminate\\Foundation\\Http\\Kernel->Illuminate\\Foundation\\Http\\{closure}(Object(Illuminate\\Http\\Request))
#70 C:\\laragon\\www\\Personal\\backend-myapp-v2\\vendor\\livewire\\livewire\\src\\Features\\SupportDisablingBackButtonCache\\DisableBackButtonCacheMiddleware.php(19): Illuminate\\Pipeline\\Pipeline->Illuminate\\Pipeline\\{closure}(Object(Illuminate\\Http\\Request))
#71 C:\\laragon\\www\\Personal\\backend-myapp-v2\\vendor\\laravel\\framework\\src\\Illuminate\\Pipeline\\Pipeline.php(183): Livewire\\Features\\SupportDisablingBackButtonCache\\DisableBackButtonCacheMiddleware->handle(Object(Illuminate\\Http\\Request), Object(Closure))
#72 C:\\laragon\\www\\Personal\\backend-myapp-v2\\vendor\\laravel\\framework\\src\\Illuminate\\Foundation\\Http\\Middleware\\TransformsRequest.php(21): Illuminate\\Pipeline\\Pipeline->Illuminate\\Pipeline\\{closure}(Object(Illuminate\\Http\\Request))
#73 C:\\laragon\\www\\Personal\\backend-myapp-v2\\vendor\\laravel\\framework\\src\\Illuminate\\Foundation\\Http\\Middleware\\ConvertEmptyStringsToNull.php(31): Illuminate\\Foundation\\Http\\Middleware\\TransformsRequest->handle(Object(Illuminate\\Http\\Request), Object(Closure))
#74 C:\\laragon\\www\\Personal\\backend-myapp-v2\\vendor\\laravel\\framework\\src\\Illuminate\\Pipeline\\Pipeline.php(183): Illuminate\\Foundation\\Http\\Middleware\\ConvertEmptyStringsToNull->handle(Object(Illuminate\\Http\\Request), Object(Closure))
#75 C:\\laragon\\www\\Personal\\backend-myapp-v2\\vendor\\laravel\\framework\\src\\Illuminate\\Foundation\\Http\\Middleware\\TransformsRequest.php(21): Illuminate\\Pipeline\\Pipeline->Illuminate\\Pipeline\\{closure}(Object(Illuminate\\Http\\Request))
#76 C:\\laragon\\www\\Personal\\backend-myapp-v2\\vendor\\laravel\\framework\\src\\Illuminate\\Foundation\\Http\\Middleware\\TrimStrings.php(51): Illuminate\\Foundation\\Http\\Middleware\\TransformsRequest->handle(Object(Illuminate\\Http\\Request), Object(Closure))
#77 C:\\laragon\\www\\Personal\\backend-myapp-v2\\vendor\\laravel\\framework\\src\\Illuminate\\Pipeline\\Pipeline.php(183): Illuminate\\Foundation\\Http\\Middleware\\TrimStrings->handle(Object(Illuminate\\Http\\Request), Object(Closure))
#78 C:\\laragon\\www\\Personal\\backend-myapp-v2\\vendor\\laravel\\framework\\src\\Illuminate\\Http\\Middleware\\ValidatePostSize.php(27): Illuminate\\Pipeline\\Pipeline->Illuminate\\Pipeline\\{closure}(Object(Illuminate\\Http\\Request))
#79 C:\\laragon\\www\\Personal\\backend-myapp-v2\\vendor\\laravel\\framework\\src\\Illuminate\\Pipeline\\Pipeline.php(183): Illuminate\\Http\\Middleware\\ValidatePostSize->handle(Object(Illuminate\\Http\\Request), Object(Closure))
#80 C:\\laragon\\www\\Personal\\backend-myapp-v2\\vendor\\laravel\\framework\\src\\Illuminate\\Foundation\\Http\\Middleware\\PreventRequestsDuringMaintenance.php(110): Illuminate\\Pipeline\\Pipeline->Illuminate\\Pipeline\\{closure}(Object(Illuminate\\Http\\Request))
#81 C:\\laragon\\www\\Personal\\backend-myapp-v2\\vendor\\laravel\\framework\\src\\Illuminate\\Pipeline\\Pipeline.php(183): Illuminate\\Foundation\\Http\\Middleware\\PreventRequestsDuringMaintenance->handle(Object(Illuminate\\Http\\Request), Object(Closure))
#82 C:\\laragon\\www\\Personal\\backend-myapp-v2\\vendor\\laravel\\framework\\src\\Illuminate\\Http\\Middleware\\HandleCors.php(49): Illuminate\\Pipeline\\Pipeline->Illuminate\\Pipeline\\{closure}(Object(Illuminate\\Http\\Request))
#83 C:\\laragon\\www\\Personal\\backend-myapp-v2\\vendor\\laravel\\framework\\src\\Illuminate\\Pipeline\\Pipeline.php(183): Illuminate\\Http\\Middleware\\HandleCors->handle(Object(Illuminate\\Http\\Request), Object(Closure))
#84 C:\\laragon\\www\\Personal\\backend-myapp-v2\\vendor\\laravel\\framework\\src\\Illuminate\\Http\\Middleware\\TrustProxies.php(57): Illuminate\\Pipeline\\Pipeline->Illuminate\\Pipeline\\{closure}(Object(Illuminate\\Http\\Request))
#85 C:\\laragon\\www\\Personal\\backend-myapp-v2\\vendor\\laravel\\framework\\src\\Illuminate\\Pipeline\\Pipeline.php(183): Illuminate\\Http\\Middleware\\TrustProxies->handle(Object(Illuminate\\Http\\Request), Object(Closure))
#86 C:\\laragon\\www\\Personal\\backend-myapp-v2\\vendor\\laravel\\framework\\src\\Illuminate\\Pipeline\\Pipeline.php(119): Illuminate\\Pipeline\\Pipeline->Illuminate\\Pipeline\\{closure}(Object(Illuminate\\Http\\Request))
#87 C:\\laragon\\www\\Personal\\backend-myapp-v2\\vendor\\laravel\\framework\\src\\Illuminate\\Foundation\\Http\\Kernel.php(176): Illuminate\\Pipeline\\Pipeline->then(Object(Closure))
#88 C:\\laragon\\www\\Personal\\backend-myapp-v2\\vendor\\laravel\\framework\\src\\Illuminate\\Foundation\\Http\\Kernel.php(145): Illuminate\\Foundation\\Http\\Kernel->sendRequestThroughRouter(Object(Illuminate\\Http\\Request))
#89 C:\\laragon\\www\\Personal\\backend-myapp-v2\\vendor\\laravel\\framework\\src\\Illuminate\\Foundation\\Application.php(1188): Illuminate\\Foundation\\Http\\Kernel->handle(Object(Illuminate\\Http\\Request))
#90 C:\\laragon\\www\\Personal\\backend-myapp-v2\\public\\index.php(17): Illuminate\\Foundation\\Application->handleRequest(Object(Illuminate\\Http\\Request))
#91 C:\\laragon\\www\\Personal\\backend-myapp-v2\\vendor\\laravel\\framework\\src\\Illuminate\\Foundation\\resources\\server.php(23): require_once('C:\\\\laragon\\\\www\\\\...')
#92 {main}

[previous exception] [object] (TypeError(code: 0): Filament\\Forms\\Components\\Select::getOptions(): Return value must be of type array, string returned at C:\\laragon\\www\\Personal\\backend-myapp-v2\\vendor\\filament\\forms\\src\\Components\\Concerns\\HasOptions.php:57)
[stacktrace]
#0 C:\\laragon\\www\\Personal\\backend-myapp-v2\\storage\\framework\\views\\0c0c8683f5f15315cd67d449bfe75e1e.php(77): Filament\\Forms\\Components\\Select->getOptions()
#1 C:\\laragon\\www\\Personal\\backend-myapp-v2\\vendor\\livewire\\livewire\\src\\Mechanisms\\ExtendBlade\\ExtendedCompilerEngine.php(37): include('C:\\\\laragon\\\\www\\\\...')
#2 C:\\laragon\\www\\Personal\\backend-myapp-v2\\vendor\\livewire\\livewire\\src\\Mechanisms\\ExtendBlade\\ExtendedCompilerEngine.php(38): App\\Filament\\Resources\\ArchivementResource\\Pages\\CreateArchivement->Livewire\\Mechanisms\\ExtendBlade\\{closure}()
#3 C:\\laragon\\www\\Personal\\backend-myapp-v2\\vendor\\laravel\\framework\\src\\Illuminate\\View\\Engines\\CompilerEngine.php(73): Livewire\\Mechanisms\\ExtendBlade\\ExtendedCompilerEngine->evaluatePath('C:\\\\laragon\\\\www\\\\...', Array)
#4 C:\\laragon\\www\\Personal\\backend-myapp-v2\\vendor\\livewire\\livewire\\src\\Mechanisms\\ExtendBlade\\ExtendedCompilerEngine.php(16): Illuminate\\View\\Engines\\CompilerEngine->get('C:\\\\laragon\\\\www\\\\...', Array)
#5 C:\\laragon\\www\\Personal\\backend-myapp-v2\\vendor\\laravel\\framework\\src\\Illuminate\\View\\View.php(208): Livewire\\Mechanisms\\ExtendBlade\\ExtendedCompilerEngine->get('C:\\\\laragon\\\\www\\\\...', Array)
#6 C:\\laragon\\www\\Personal\\backend-myapp-v2\\vendor\\laravel\\framework\\src\\Illuminate\\View\\View.php(191): Illuminate\\View\\View->getContents()
#7 C:\\laragon\\www\\Personal\\backend-myapp-v2\\vendor\\laravel\\framework\\src\\Illuminate\\View\\View.php(160): Illuminate\\View\\View->renderContents()
#8 C:\\laragon\\www\\Personal\\backend-myapp-v2\\vendor\\filament\\support\\src\\Components\\ViewComponent.php(106): Illuminate\\View\\View->render()
#9 C:\\laragon\\www\\Personal\\backend-myapp-v2\\vendor\\laravel\\framework\\src\\Illuminate\\Support\\helpers.php(128): Filament\\Support\\Components\\ViewComponent->toHtml()
#10 C:\\laragon\\www\\Personal\\backend-myapp-v2\\storage\\framework\\views\\f1710d46785193549cb34f7f9e9aa42e.php(140): e(Object(Filament\\Forms\\Components\\Select))
#11 C:\\laragon\\www\\Personal\\backend-myapp-v2\\vendor\\livewire\\livewire\\src\\Mechanisms\\ExtendBlade\\ExtendedCompilerEngine.php(37): include('C:\\\\laragon\\\\www\\\\...')
#12 C:\\laragon\\www\\Personal\\backend-myapp-v2\\vendor\\livewire\\livewire\\src\\Mechanisms\\ExtendBlade\\ExtendedCompilerEngine.php(38): App\\Filament\\Resources\\ArchivementResource\\Pages\\CreateArchivement->Livewire\\Mechanisms\\ExtendBlade\\{closure}()
#13 C:\\laragon\\www\\Personal\\backend-myapp-v2\\vendor\\laravel\\framework\\src\\Illuminate\\View\\Engines\\CompilerEngine.php(73): Livewire\\Mechanisms\\ExtendBlade\\ExtendedCompilerEngine->evaluatePath('C:\\\\laragon\\\\www\\\\...', Array)
#14 C:\\laragon\\www\\Personal\\backend-myapp-v2\\vendor\\livewire\\livewire\\src\\Mechanisms\\ExtendBlade\\ExtendedCompilerEngine.php(16): Illuminate\\View\\Engines\\CompilerEngine->get('C:\\\\laragon\\\\www\\\\...', Array)
#15 C:\\laragon\\www\\Personal\\backend-myapp-v2\\vendor\\laravel\\framework\\src\\Illuminate\\View\\View.php(208): Livewire\\Mechanisms\\ExtendBlade\\ExtendedCompilerEngine->get('C:\\\\laragon\\\\www\\\\...', Array)
#16 C:\\laragon\\www\\Personal\\backend-myapp-v2\\vendor\\laravel\\framework\\src\\Illuminate\\View\\View.php(191): Illuminate\\View\\View->getContents()
#17 C:\\laragon\\www\\Personal\\backend-myapp-v2\\vendor\\laravel\\framework\\src\\Illuminate\\View\\View.php(160): Illuminate\\View\\View->renderContents()
#18 C:\\laragon\\www\\Personal\\backend-myapp-v2\\vendor\\filament\\support\\src\\Components\\ViewComponent.php(106): Illuminate\\View\\View->render()
#19 C:\\laragon\\www\\Personal\\backend-myapp-v2\\vendor\\laravel\\framework\\src\\Illuminate\\Support\\helpers.php(128): Filament\\Support\\Components\\ViewComponent->toHtml()
#20 C:\\laragon\\www\\Personal\\backend-myapp-v2\\storage\\framework\\views\\960d6330af54988301e7919008ef5975.php(27): e(Object(Filament\\Forms\\Form))
#21 C:\\laragon\\www\\Personal\\backend-myapp-v2\\vendor\\livewire\\livewire\\src\\Mechanisms\\ExtendBlade\\ExtendedCompilerEngine.php(37): include('C:\\\\laragon\\\\www\\\\...')
#22 C:\\laragon\\www\\Personal\\backend-myapp-v2\\vendor\\livewire\\livewire\\src\\Mechanisms\\ExtendBlade\\ExtendedCompilerEngine.php(38): App\\Filament\\Resources\\ArchivementResource\\Pages\\CreateArchivement->Livewire\\Mechanisms\\ExtendBlade\\{closure}()
#23 C:\\laragon\\www\\Personal\\backend-myapp-v2\\vendor\\laravel\\framework\\src\\Illuminate\\View\\Engines\\CompilerEngine.php(73): Livewire\\Mechanisms\\ExtendBlade\\ExtendedCompilerEngine->evaluatePath('C:\\\\laragon\\\\www\\\\...', Array)
#24 C:\\laragon\\www\\Personal\\backend-myapp-v2\\vendor\\livewire\\livewire\\src\\Mechanisms\\ExtendBlade\\ExtendedCompilerEngine.php(16): Illuminate\\View\\Engines\\CompilerEngine->get('C:\\\\laragon\\\\www\\\\...', Array)
#25 C:\\laragon\\www\\Personal\\backend-myapp-v2\\vendor\\laravel\\framework\\src\\Illuminate\\View\\View.php(208): Livewire\\Mechanisms\\ExtendBlade\\ExtendedCompilerEngine->get('C:\\\\laragon\\\\www\\\\...', Array)
#26 C:\\laragon\\www\\Personal\\backend-myapp-v2\\vendor\\laravel\\framework\\src\\Illuminate\\View\\View.php(191): Illuminate\\View\\View->getContents()
#27 C:\\laragon\\www\\Personal\\backend-myapp-v2\\vendor\\laravel\\framework\\src\\Illuminate\\View\\View.php(160): Illuminate\\View\\View->renderContents()
#28 C:\\laragon\\www\\Personal\\backend-myapp-v2\\vendor\\livewire\\livewire\\src\\Mechanisms\\HandleComponents\\HandleComponents.php(241): Illuminate\\View\\View->render(Object(Closure))
#29 C:\\laragon\\www\\Personal\\backend-myapp-v2\\vendor\\livewire\\livewire\\src\\Mechanisms\\HandleComponents\\HandleComponents.php(285): Livewire\\Mechanisms\\HandleComponents\\HandleComponents->Livewire\\Mechanisms\\HandleComponents\\{closure}()
#30 C:\\laragon\\www\\Personal\\backend-myapp-v2\\vendor\\livewire\\livewire\\src\\Mechanisms\\HandleComponents\\HandleComponents.php(233): Livewire\\Mechanisms\\HandleComponents\\HandleComponents->trackInRenderStack(Object(App\\Filament\\Resources\\ArchivementResource\\Pages\\CreateArchivement), Object(Closure))
#31 C:\\laragon\\www\\Personal\\backend-myapp-v2\\vendor\\livewire\\livewire\\src\\Mechanisms\\HandleComponents\\HandleComponents.php(54): Livewire\\Mechanisms\\HandleComponents\\HandleComponents->render(Object(App\\Filament\\Resources\\ArchivementResource\\Pages\\CreateArchivement), '<div></div>')
#32 C:\\laragon\\www\\Personal\\backend-myapp-v2\\vendor\\livewire\\livewire\\src\\LivewireManager.php(73): Livewire\\Mechanisms\\HandleComponents\\HandleComponents->mount('App\\\\Filament\\\\Re...', Array, NULL)
#33 C:\\laragon\\www\\Personal\\backend-myapp-v2\\vendor\\livewire\\livewire\\src\\Features\\SupportPageComponents\\HandlesPageComponents.php(17): Livewire\\LivewireManager->mount('App\\\\Filament\\\\Re...', Array)
#34 C:\\laragon\\www\\Personal\\backend-myapp-v2\\vendor\\livewire\\livewire\\src\\Features\\SupportPageComponents\\SupportPageComponents.php(117): Livewire\\Component->Livewire\\Features\\SupportPageComponents\\{closure}()
#35 C:\\laragon\\www\\Personal\\backend-myapp-v2\\vendor\\livewire\\livewire\\src\\Features\\SupportPageComponents\\HandlesPageComponents.php(14): Livewire\\Features\\SupportPageComponents\\SupportPageComponents::interceptTheRenderOfTheComponentAndRetreiveTheLayoutConfiguration(Object(Closure))
#36 C:\\laragon\\www\\Personal\\backend-myapp-v2\\vendor\\laravel\\framework\\src\\Illuminate\\Routing\\ControllerDispatcher.php(46): Livewire\\Component->__invoke()
#37 C:\\laragon\\www\\Personal\\backend-myapp-v2\\vendor\\laravel\\framework\\src\\Illuminate\\Routing\\Route.php(260): Illuminate\\Routing\\ControllerDispatcher->dispatch(Object(Illuminate\\Routing\\Route), Object(App\\Filament\\Resources\\ArchivementResource\\Pages\\CreateArchivement), '__invoke')
#38 C:\\laragon\\www\\Personal\\backend-myapp-v2\\vendor\\laravel\\framework\\src\\Illuminate\\Routing\\Route.php(206): Illuminate\\Routing\\Route->runController()
#39 C:\\laragon\\www\\Personal\\backend-myapp-v2\\vendor\\laravel\\framework\\src\\Illuminate\\Routing\\Router.php(808): Illuminate\\Routing\\Route->run()
#40 C:\\laragon\\www\\Personal\\backend-myapp-v2\\vendor\\laravel\\framework\\src\\Illuminate\\Pipeline\\Pipeline.php(144): Illuminate\\Routing\\Router->Illuminate\\Routing\\{closure}(Object(Illuminate\\Http\\Request))
#41 C:\\laragon\\www\\Personal\\backend-myapp-v2\\vendor\\filament\\filament\\src\\Http\\Middleware\\DispatchServingFilamentEvent.php(15): Illuminate\\Pipeline\\Pipeline->Illuminate\\Pipeline\\{closure}(Object(Illuminate\\Http\\Request))
#42 C:\\laragon\\www\\Personal\\backend-myapp-v2\\vendor\\laravel\\framework\\src\\Illuminate\\Pipeline\\Pipeline.php(183): Filament\\Http\\Middleware\\DispatchServingFilamentEvent->handle(Object(Illuminate\\Http\\Request), Object(Closure))
#43 C:\\laragon\\www\\Personal\\backend-myapp-v2\\vendor\\filament\\filament\\src\\Http\\Middleware\\DisableBladeIconComponents.php(14): Illuminate\\Pipeline\\Pipeline->Illuminate\\Pipeline\\{closure}(Object(Illuminate\\Http\\Request))
#44 C:\\laragon\\www\\Personal\\backend-myapp-v2\\vendor\\laravel\\framework\\src\\Illuminate\\Pipeline\\Pipeline.php(183): Filament\\Http\\Middleware\\DisableBladeIconComponents->handle(Object(Illuminate\\Http\\Request), Object(Closure))
#45 C:\\laragon\\www\\Personal\\backend-myapp-v2\\vendor\\laravel\\framework\\src\\Illuminate\\Routing\\Middleware\\SubstituteBindings.php(51): Illuminate\\Pipeline\\Pipeline->Illuminate\\Pipeline\\{closure}(Object(Illuminate\\Http\\Request))
#46 C:\\laragon\\www\\Personal\\backend-myapp-v2\\vendor\\laravel\\framework\\src\\Illuminate\\Pipeline\\Pipeline.php(183): Illuminate\\Routing\\Middleware\\SubstituteBindings->handle(Object(Illuminate\\Http\\Request), Object(Closure))
#47 C:\\laragon\\www\\Personal\\backend-myapp-v2\\vendor\\laravel\\framework\\src\\Illuminate\\Foundation\\Http\\Middleware\\VerifyCsrfToken.php(88): Illuminate\\Pipeline\\Pipeline->Illuminate\\Pipeline\\{closure}(Object(Illuminate\\Http\\Request))
#48 C:\\laragon\\www\\Personal\\backend-myapp-v2\\vendor\\laravel\\framework\\src\\Illuminate\\Pipeline\\Pipeline.php(183): Illuminate\\Foundation\\Http\\Middleware\\VerifyCsrfToken->handle(Object(Illuminate\\Http\\Request), Object(Closure))
#49 C:\\laragon\\www\\Personal\\backend-myapp-v2\\vendor\\laravel\\framework\\src\\Illuminate\\Session\\Middleware\\AuthenticateSession.php(67): Illuminate\\Pipeline\\Pipeline->Illuminate\\Pipeline\\{closure}(Object(Illuminate\\Http\\Request))
#50 C:\\laragon\\www\\Personal\\backend-myapp-v2\\vendor\\laravel\\framework\\src\\Illuminate\\Pipeline\\Pipeline.php(183): Illuminate\\Session\\Middleware\\AuthenticateSession->handle(Object(Illuminate\\Http\\Request), Object(Closure))
#51 C:\\laragon\\www\\Personal\\backend-myapp-v2\\vendor\\laravel\\framework\\src\\Illuminate\\Auth\\Middleware\\Authenticate.php(64): Illuminate\\Pipeline\\Pipeline->Illuminate\\Pipeline\\{closure}(Object(Illuminate\\Http\\Request))
#52 C:\\laragon\\www\\Personal\\backend-myapp-v2\\vendor\\laravel\\framework\\src\\Illuminate\\Pipeline\\Pipeline.php(183): Illuminate\\Auth\\Middleware\\Authenticate->handle(Object(Illuminate\\Http\\Request), Object(Closure))
#53 C:\\laragon\\www\\Personal\\backend-myapp-v2\\vendor\\laravel\\framework\\src\\Illuminate\\View\\Middleware\\ShareErrorsFromSession.php(49): Illuminate\\Pipeline\\Pipeline->Illuminate\\Pipeline\\{closure}(Object(Illuminate\\Http\\Request))
#54 C:\\laragon\\www\\Personal\\backend-myapp-v2\\vendor\\laravel\\framework\\src\\Illuminate\\Pipeline\\Pipeline.php(183): Illuminate\\View\\Middleware\\ShareErrorsFromSession->handle(Object(Illuminate\\Http\\Request), Object(Closure))
#55 C:\\laragon\\www\\Personal\\backend-myapp-v2\\vendor\\laravel\\framework\\src\\Illuminate\\Session\\Middleware\\StartSession.php(121): Illuminate\\Pipeline\\Pipeline->Illuminate\\Pipeline\\{closure}(Object(Illuminate\\Http\\Request))
#56 C:\\laragon\\www\\Personal\\backend-myapp-v2\\vendor\\laravel\\framework\\src\\Illuminate\\Session\\Middleware\\StartSession.php(64): Illuminate\\Session\\Middleware\\StartSession->handleStatefulRequest(Object(Illuminate\\Http\\Request), Object(Illuminate\\Session\\Store), Object(Closure))
#57 C:\\laragon\\www\\Personal\\backend-myapp-v2\\vendor\\laravel\\framework\\src\\Illuminate\\Pipeline\\Pipeline.php(183): Illuminate\\Session\\Middleware\\StartSession->handle(Object(Illuminate\\Http\\Request), Object(Closure))
#58 C:\\laragon\\www\\Personal\\backend-myapp-v2\\vendor\\laravel\\framework\\src\\Illuminate\\Cookie\\Middleware\\AddQueuedCookiesToResponse.php(37): Illuminate\\Pipeline\\Pipeline->Illuminate\\Pipeline\\{closure}(Object(Illuminate\\Http\\Request))
#59 C:\\laragon\\www\\Personal\\backend-myapp-v2\\vendor\\laravel\\framework\\src\\Illuminate\\Pipeline\\Pipeline.php(183): Illuminate\\Cookie\\Middleware\\AddQueuedCookiesToResponse->handle(Object(Illuminate\\Http\\Request), Object(Closure))
#60 C:\\laragon\\www\\Personal\\backend-myapp-v2\\vendor\\laravel\\framework\\src\\Illuminate\\Cookie\\Middleware\\EncryptCookies.php(75): Illuminate\\Pipeline\\Pipeline->Illuminate\\Pipeline\\{closure}(Object(Illuminate\\Http\\Request))
#61 C:\\laragon\\www\\Personal\\backend-myapp-v2\\vendor\\laravel\\framework\\src\\Illuminate\\Pipeline\\Pipeline.php(183): Illuminate\\Cookie\\Middleware\\EncryptCookies->handle(Object(Illuminate\\Http\\Request), Object(Closure))
#62 C:\\laragon\\www\\Personal\\backend-myapp-v2\\vendor\\filament\\filament\\src\\Http\\Middleware\\SetUpPanel.php(19): Illuminate\\Pipeline\\Pipeline->Illuminate\\Pipeline\\{closure}(Object(Illuminate\\Http\\Request))
#63 C:\\laragon\\www\\Personal\\backend-myapp-v2\\vendor\\laravel\\framework\\src\\Illuminate\\Pipeline\\Pipeline.php(183): Filament\\Http\\Middleware\\SetUpPanel->handle(Object(Illuminate\\Http\\Request), Object(Closure), Object(Filament\\Panel))
#64 C:\\laragon\\www\\Personal\\backend-myapp-v2\\vendor\\laravel\\framework\\src\\Illuminate\\Pipeline\\Pipeline.php(119): Illuminate\\Pipeline\\Pipeline->Illuminate\\Pipeline\\{closure}(Object(Illuminate\\Http\\Request))
#65 C:\\laragon\\www\\Personal\\backend-myapp-v2\\vendor\\laravel\\framework\\src\\Illuminate\\Routing\\Router.php(807): Illuminate\\Pipeline\\Pipeline->then(Object(Closure))
#66 C:\\laragon\\www\\Personal\\backend-myapp-v2\\vendor\\laravel\\framework\\src\\Illuminate\\Routing\\Router.php(786): Illuminate\\Routing\\Router->runRouteWithinStack(Object(Illuminate\\Routing\\Route), Object(Illuminate\\Http\\Request))
#67 C:\\laragon\\www\\Personal\\backend-myapp-v2\\vendor\\laravel\\framework\\src\\Illuminate\\Routing\\Router.php(750): Illuminate\\Routing\\Router->runRoute(Object(Illuminate\\Http\\Request), Object(Illuminate\\Routing\\Route))
#68 C:\\laragon\\www\\Personal\\backend-myapp-v2\\vendor\\laravel\\framework\\src\\Illuminate\\Routing\\Router.php(739): Illuminate\\Routing\\Router->dispatchToRoute(Object(Illuminate\\Http\\Request))
#69 C:\\laragon\\www\\Personal\\backend-myapp-v2\\vendor\\laravel\\framework\\src\\Illuminate\\Foundation\\Http\\Kernel.php(201): Illuminate\\Routing\\Router->dispatch(Object(Illuminate\\Http\\Request))
#70 C:\\laragon\\www\\Personal\\backend-myapp-v2\\vendor\\laravel\\framework\\src\\Illuminate\\Pipeline\\Pipeline.php(144): Illuminate\\Foundation\\Http\\Kernel->Illuminate\\Foundation\\Http\\{closure}(Object(Illuminate\\Http\\Request))
#71 C:\\laragon\\www\\Personal\\backend-myapp-v2\\vendor\\livewire\\livewire\\src\\Features\\SupportDisablingBackButtonCache\\DisableBackButtonCacheMiddleware.php(19): Illuminate\\Pipeline\\Pipeline->Illuminate\\Pipeline\\{closure}(Object(Illuminate\\Http\\Request))
#72 C:\\laragon\\www\\Personal\\backend-myapp-v2\\vendor\\laravel\\framework\\src\\Illuminate\\Pipeline\\Pipeline.php(183): Livewire\\Features\\SupportDisablingBackButtonCache\\DisableBackButtonCacheMiddleware->handle(Object(Illuminate\\Http\\Request), Object(Closure))
#73 C:\\laragon\\www\\Personal\\backend-myapp-v2\\vendor\\laravel\\framework\\src\\Illuminate\\Foundation\\Http\\Middleware\\TransformsRequest.php(21): Illuminate\\Pipeline\\Pipeline->Illuminate\\Pipeline\\{closure}(Object(Illuminate\\Http\\Request))
#74 C:\\laragon\\www\\Personal\\backend-myapp-v2\\vendor\\laravel\\framework\\src\\Illuminate\\Foundation\\Http\\Middleware\\ConvertEmptyStringsToNull.php(31): Illuminate\\Foundation\\Http\\Middleware\\TransformsRequest->handle(Object(Illuminate\\Http\\Request), Object(Closure))
#75 C:\\laragon\\www\\Personal\\backend-myapp-v2\\vendor\\laravel\\framework\\src\\Illuminate\\Pipeline\\Pipeline.php(183): Illuminate\\Foundation\\Http\\Middleware\\ConvertEmptyStringsToNull->handle(Object(Illuminate\\Http\\Request), Object(Closure))
#76 C:\\laragon\\www\\Personal\\backend-myapp-v2\\vendor\\laravel\\framework\\src\\Illuminate\\Foundation\\Http\\Middleware\\TransformsRequest.php(21): Illuminate\\Pipeline\\Pipeline->Illuminate\\Pipeline\\{closure}(Object(Illuminate\\Http\\Request))
#77 C:\\laragon\\www\\Personal\\backend-myapp-v2\\vendor\\laravel\\framework\\src\\Illuminate\\Foundation\\Http\\Middleware\\TrimStrings.php(51): Illuminate\\Foundation\\Http\\Middleware\\TransformsRequest->handle(Object(Illuminate\\Http\\Request), Object(Closure))
#78 C:\\laragon\\www\\Personal\\backend-myapp-v2\\vendor\\laravel\\framework\\src\\Illuminate\\Pipeline\\Pipeline.php(183): Illuminate\\Foundation\\Http\\Middleware\\TrimStrings->handle(Object(Illuminate\\Http\\Request), Object(Closure))
#79 C:\\laragon\\www\\Personal\\backend-myapp-v2\\vendor\\laravel\\framework\\src\\Illuminate\\Http\\Middleware\\ValidatePostSize.php(27): Illuminate\\Pipeline\\Pipeline->Illuminate\\Pipeline\\{closure}(Object(Illuminate\\Http\\Request))
#80 C:\\laragon\\www\\Personal\\backend-myapp-v2\\vendor\\laravel\\framework\\src\\Illuminate\\Pipeline\\Pipeline.php(183): Illuminate\\Http\\Middleware\\ValidatePostSize->handle(Object(Illuminate\\Http\\Request), Object(Closure))
#81 C:\\laragon\\www\\Personal\\backend-myapp-v2\\vendor\\laravel\\framework\\src\\Illuminate\\Foundation\\Http\\Middleware\\PreventRequestsDuringMaintenance.php(110): Illuminate\\Pipeline\\Pipeline->Illuminate\\Pipeline\\{closure}(Object(Illuminate\\Http\\Request))
#82 C:\\laragon\\www\\Personal\\backend-myapp-v2\\vendor\\laravel\\framework\\src\\Illuminate\\Pipeline\\Pipeline.php(183): Illuminate\\Foundation\\Http\\Middleware\\PreventRequestsDuringMaintenance->handle(Object(Illuminate\\Http\\Request), Object(Closure))
#83 C:\\laragon\\www\\Personal\\backend-myapp-v2\\vendor\\laravel\\framework\\src\\Illuminate\\Http\\Middleware\\HandleCors.php(49): Illuminate\\Pipeline\\Pipeline->Illuminate\\Pipeline\\{closure}(Object(Illuminate\\Http\\Request))
#84 C:\\laragon\\www\\Personal\\backend-myapp-v2\\vendor\\laravel\\framework\\src\\Illuminate\\Pipeline\\Pipeline.php(183): Illuminate\\Http\\Middleware\\HandleCors->handle(Object(Illuminate\\Http\\Request), Object(Closure))
#85 C:\\laragon\\www\\Personal\\backend-myapp-v2\\vendor\\laravel\\framework\\src\\Illuminate\\Http\\Middleware\\TrustProxies.php(57): Illuminate\\Pipeline\\Pipeline->Illuminate\\Pipeline\\{closure}(Object(Illuminate\\Http\\Request))
#86 C:\\laragon\\www\\Personal\\backend-myapp-v2\\vendor\\laravel\\framework\\src\\Illuminate\\Pipeline\\Pipeline.php(183): Illuminate\\Http\\Middleware\\TrustProxies->handle(Object(Illuminate\\Http\\Request), Object(Closure))
#87 C:\\laragon\\www\\Personal\\backend-myapp-v2\\vendor\\laravel\\framework\\src\\Illuminate\\Pipeline\\Pipeline.php(119): Illuminate\\Pipeline\\Pipeline->Illuminate\\Pipeline\\{closure}(Object(Illuminate\\Http\\Request))
#88 C:\\laragon\\www\\Personal\\backend-myapp-v2\\vendor\\laravel\\framework\\src\\Illuminate\\Foundation\\Http\\Kernel.php(176): Illuminate\\Pipeline\\Pipeline->then(Object(Closure))
#89 C:\\laragon\\www\\Personal\\backend-myapp-v2\\vendor\\laravel\\framework\\src\\Illuminate\\Foundation\\Http\\Kernel.php(145): Illuminate\\Foundation\\Http\\Kernel->sendRequestThroughRouter(Object(Illuminate\\Http\\Request))
#90 C:\\laragon\\www\\Personal\\backend-myapp-v2\\vendor\\laravel\\framework\\src\\Illuminate\\Foundation\\Application.php(1188): Illuminate\\Foundation\\Http\\Kernel->handle(Object(Illuminate\\Http\\Request))
#91 C:\\laragon\\www\\Personal\\backend-myapp-v2\\public\\index.php(17): Illuminate\\Foundation\\Application->handleRequest(Object(Illuminate\\Http\\Request))
#92 C:\\laragon\\www\\Personal\\backend-myapp-v2\\vendor\\laravel\\framework\\src\\Illuminate\\Foundation\\resources\\server.php(23): require_once('C:\\\\laragon\\\\www\\\\...')
#93 {main}
"} 
[2025-01-05 09:11:03] local.ERROR: Filament\Forms\Components\Select::getOptions(): Return value must be of type array, string returned (View: C:\laragon\www\Personal\backend-myapp-v2\vendor\filament\forms\resources\views\components\select.blade.php) (View: C:\laragon\www\Personal\backend-myapp-v2\vendor\filament\forms\resources\views\components\select.blade.php) (View: C:\laragon\www\Personal\backend-myapp-v2\vendor\filament\forms\resources\views\components\select.blade.php) {"userId":1,"exception":"[object] (Illuminate\\View\\ViewException(code: 0): Filament\\Forms\\Components\\Select::getOptions(): Return value must be of type array, string returned (View: C:\\laragon\\www\\Personal\\backend-myapp-v2\\vendor\\filament\\forms\\resources\\views\\components\\select.blade.php) (View: C:\\laragon\\www\\Personal\\backend-myapp-v2\\vendor\\filament\\forms\\resources\\views\\components\\select.blade.php) (View: C:\\laragon\\www\\Personal\\backend-myapp-v2\\vendor\\filament\\forms\\resources\\views\\components\\select.blade.php) at C:\\laragon\\www\\Personal\\backend-myapp-v2\\vendor\\filament\\forms\\src\\Components\\Concerns\\HasOptions.php:57)
[stacktrace]
#0 C:\\laragon\\www\\Personal\\backend-myapp-v2\\vendor\\livewire\\livewire\\src\\Mechanisms\\ExtendBlade\\ExtendedCompilerEngine.php(58): Illuminate\\View\\Engines\\CompilerEngine->handleViewException(Object(Illuminate\\View\\ViewException), 1)
#1 C:\\laragon\\www\\Personal\\backend-myapp-v2\\vendor\\livewire\\livewire\\src\\Mechanisms\\ExtendBlade\\ExtendedCompilerEngine.php(40): Livewire\\Mechanisms\\ExtendBlade\\ExtendedCompilerEngine->handleViewException(Object(Illuminate\\View\\ViewException), 1)
#2 C:\\laragon\\www\\Personal\\backend-myapp-v2\\vendor\\laravel\\framework\\src\\Illuminate\\View\\Engines\\CompilerEngine.php(73): Livewire\\Mechanisms\\ExtendBlade\\ExtendedCompilerEngine->evaluatePath('C:\\\\laragon\\\\www\\\\...', Array)
#3 C:\\laragon\\www\\Personal\\backend-myapp-v2\\vendor\\livewire\\livewire\\src\\Mechanisms\\ExtendBlade\\ExtendedCompilerEngine.php(16): Illuminate\\View\\Engines\\CompilerEngine->get('C:\\\\laragon\\\\www\\\\...', Array)
#4 C:\\laragon\\www\\Personal\\backend-myapp-v2\\vendor\\laravel\\framework\\src\\Illuminate\\View\\View.php(208): Livewire\\Mechanisms\\ExtendBlade\\ExtendedCompilerEngine->get('C:\\\\laragon\\\\www\\\\...', Array)
#5 C:\\laragon\\www\\Personal\\backend-myapp-v2\\vendor\\laravel\\framework\\src\\Illuminate\\View\\View.php(191): Illuminate\\View\\View->getContents()
#6 C:\\laragon\\www\\Personal\\backend-myapp-v2\\vendor\\laravel\\framework\\src\\Illuminate\\View\\View.php(160): Illuminate\\View\\View->renderContents()
#7 C:\\laragon\\www\\Personal\\backend-myapp-v2\\vendor\\livewire\\livewire\\src\\Mechanisms\\HandleComponents\\HandleComponents.php(241): Illuminate\\View\\View->render(Object(Closure))
#8 C:\\laragon\\www\\Personal\\backend-myapp-v2\\vendor\\livewire\\livewire\\src\\Mechanisms\\HandleComponents\\HandleComponents.php(285): Livewire\\Mechanisms\\HandleComponents\\HandleComponents->Livewire\\Mechanisms\\HandleComponents\\{closure}()
#9 C:\\laragon\\www\\Personal\\backend-myapp-v2\\vendor\\livewire\\livewire\\src\\Mechanisms\\HandleComponents\\HandleComponents.php(233): Livewire\\Mechanisms\\HandleComponents\\HandleComponents->trackInRenderStack(Object(App\\Filament\\Resources\\ArchivementResource\\Pages\\CreateArchivement), Object(Closure))
#10 C:\\laragon\\www\\Personal\\backend-myapp-v2\\vendor\\livewire\\livewire\\src\\Mechanisms\\HandleComponents\\HandleComponents.php(54): Livewire\\Mechanisms\\HandleComponents\\HandleComponents->render(Object(App\\Filament\\Resources\\ArchivementResource\\Pages\\CreateArchivement), '<div></div>')
#11 C:\\laragon\\www\\Personal\\backend-myapp-v2\\vendor\\livewire\\livewire\\src\\LivewireManager.php(73): Livewire\\Mechanisms\\HandleComponents\\HandleComponents->mount('App\\\\Filament\\\\Re...', Array, NULL)
#12 C:\\laragon\\www\\Personal\\backend-myapp-v2\\vendor\\livewire\\livewire\\src\\Features\\SupportPageComponents\\HandlesPageComponents.php(17): Livewire\\LivewireManager->mount('App\\\\Filament\\\\Re...', Array)
#13 C:\\laragon\\www\\Personal\\backend-myapp-v2\\vendor\\livewire\\livewire\\src\\Features\\SupportPageComponents\\SupportPageComponents.php(117): Livewire\\Component->Livewire\\Features\\SupportPageComponents\\{closure}()
#14 C:\\laragon\\www\\Personal\\backend-myapp-v2\\vendor\\livewire\\livewire\\src\\Features\\SupportPageComponents\\HandlesPageComponents.php(14): Livewire\\Features\\SupportPageComponents\\SupportPageComponents::interceptTheRenderOfTheComponentAndRetreiveTheLayoutConfiguration(Object(Closure))
#15 C:\\laragon\\www\\Personal\\backend-myapp-v2\\vendor\\laravel\\framework\\src\\Illuminate\\Routing\\ControllerDispatcher.php(46): Livewire\\Component->__invoke()
#16 C:\\laragon\\www\\Personal\\backend-myapp-v2\\vendor\\laravel\\framework\\src\\Illuminate\\Routing\\Route.php(260): Illuminate\\Routing\\ControllerDispatcher->dispatch(Object(Illuminate\\Routing\\Route), Object(App\\Filament\\Resources\\ArchivementResource\\Pages\\CreateArchivement), '__invoke')
#17 C:\\laragon\\www\\Personal\\backend-myapp-v2\\vendor\\laravel\\framework\\src\\Illuminate\\Routing\\Route.php(206): Illuminate\\Routing\\Route->runController()
#18 C:\\laragon\\www\\Personal\\backend-myapp-v2\\vendor\\laravel\\framework\\src\\Illuminate\\Routing\\Router.php(808): Illuminate\\Routing\\Route->run()
#19 C:\\laragon\\www\\Personal\\backend-myapp-v2\\vendor\\laravel\\framework\\src\\Illuminate\\Pipeline\\Pipeline.php(144): Illuminate\\Routing\\Router->Illuminate\\Routing\\{closure}(Object(Illuminate\\Http\\Request))
#20 C:\\laragon\\www\\Personal\\backend-myapp-v2\\vendor\\filament\\filament\\src\\Http\\Middleware\\DispatchServingFilamentEvent.php(15): Illuminate\\Pipeline\\Pipeline->Illuminate\\Pipeline\\{closure}(Object(Illuminate\\Http\\Request))
#21 C:\\laragon\\www\\Personal\\backend-myapp-v2\\vendor\\laravel\\framework\\src\\Illuminate\\Pipeline\\Pipeline.php(183): Filament\\Http\\Middleware\\DispatchServingFilamentEvent->handle(Object(Illuminate\\Http\\Request), Object(Closure))
#22 C:\\laragon\\www\\Personal\\backend-myapp-v2\\vendor\\filament\\filament\\src\\Http\\Middleware\\DisableBladeIconComponents.php(14): Illuminate\\Pipeline\\Pipeline->Illuminate\\Pipeline\\{closure}(Object(Illuminate\\Http\\Request))
#23 C:\\laragon\\www\\Personal\\backend-myapp-v2\\vendor\\laravel\\framework\\src\\Illuminate\\Pipeline\\Pipeline.php(183): Filament\\Http\\Middleware\\DisableBladeIconComponents->handle(Object(Illuminate\\Http\\Request), Object(Closure))
#24 C:\\laragon\\www\\Personal\\backend-myapp-v2\\vendor\\laravel\\framework\\src\\Illuminate\\Routing\\Middleware\\SubstituteBindings.php(51): Illuminate\\Pipeline\\Pipeline->Illuminate\\Pipeline\\{closure}(Object(Illuminate\\Http\\Request))
#25 C:\\laragon\\www\\Personal\\backend-myapp-v2\\vendor\\laravel\\framework\\src\\Illuminate\\Pipeline\\Pipeline.php(183): Illuminate\\Routing\\Middleware\\SubstituteBindings->handle(Object(Illuminate\\Http\\Request), Object(Closure))
#26 C:\\laragon\\www\\Personal\\backend-myapp-v2\\vendor\\laravel\\framework\\src\\Illuminate\\Foundation\\Http\\Middleware\\VerifyCsrfToken.php(88): Illuminate\\Pipeline\\Pipeline->Illuminate\\Pipeline\\{closure}(Object(Illuminate\\Http\\Request))
#27 C:\\laragon\\www\\Personal\\backend-myapp-v2\\vendor\\laravel\\framework\\src\\Illuminate\\Pipeline\\Pipeline.php(183): Illuminate\\Foundation\\Http\\Middleware\\VerifyCsrfToken->handle(Object(Illuminate\\Http\\Request), Object(Closure))
#28 C:\\laragon\\www\\Personal\\backend-myapp-v2\\vendor\\laravel\\framework\\src\\Illuminate\\Session\\Middleware\\AuthenticateSession.php(67): Illuminate\\Pipeline\\Pipeline->Illuminate\\Pipeline\\{closure}(Object(Illuminate\\Http\\Request))
#29 C:\\laragon\\www\\Personal\\backend-myapp-v2\\vendor\\laravel\\framework\\src\\Illuminate\\Pipeline\\Pipeline.php(183): Illuminate\\Session\\Middleware\\AuthenticateSession->handle(Object(Illuminate\\Http\\Request), Object(Closure))
#30 C:\\laragon\\www\\Personal\\backend-myapp-v2\\vendor\\laravel\\framework\\src\\Illuminate\\Auth\\Middleware\\Authenticate.php(64): Illuminate\\Pipeline\\Pipeline->Illuminate\\Pipeline\\{closure}(Object(Illuminate\\Http\\Request))
#31 C:\\laragon\\www\\Personal\\backend-myapp-v2\\vendor\\laravel\\framework\\src\\Illuminate\\Pipeline\\Pipeline.php(183): Illuminate\\Auth\\Middleware\\Authenticate->handle(Object(Illuminate\\Http\\Request), Object(Closure))
#32 C:\\laragon\\www\\Personal\\backend-myapp-v2\\vendor\\laravel\\framework\\src\\Illuminate\\View\\Middleware\\ShareErrorsFromSession.php(49): Illuminate\\Pipeline\\Pipeline->Illuminate\\Pipeline\\{closure}(Object(Illuminate\\Http\\Request))
#33 C:\\laragon\\www\\Personal\\backend-myapp-v2\\vendor\\laravel\\framework\\src\\Illuminate\\Pipeline\\Pipeline.php(183): Illuminate\\View\\Middleware\\ShareErrorsFromSession->handle(Object(Illuminate\\Http\\Request), Object(Closure))
#34 C:\\laragon\\www\\Personal\\backend-myapp-v2\\vendor\\laravel\\framework\\src\\Illuminate\\Session\\Middleware\\StartSession.php(121): Illuminate\\Pipeline\\Pipeline->Illuminate\\Pipeline\\{closure}(Object(Illuminate\\Http\\Request))
#35 C:\\laragon\\www\\Personal\\backend-myapp-v2\\vendor\\laravel\\framework\\src\\Illuminate\\Session\\Middleware\\StartSession.php(64): Illuminate\\Session\\Middleware\\StartSession->handleStatefulRequest(Object(Illuminate\\Http\\Request), Object(Illuminate\\Session\\Store), Object(Closure))
#36 C:\\laragon\\www\\Personal\\backend-myapp-v2\\vendor\\laravel\\framework\\src\\Illuminate\\Pipeline\\Pipeline.php(183): Illuminate\\Session\\Middleware\\StartSession->handle(Object(Illuminate\\Http\\Request), Object(Closure))
#37 C:\\laragon\\www\\Personal\\backend-myapp-v2\\vendor\\laravel\\framework\\src\\Illuminate\\Cookie\\Middleware\\AddQueuedCookiesToResponse.php(37): Illuminate\\Pipeline\\Pipeline->Illuminate\\Pipeline\\{closure}(Object(Illuminate\\Http\\Request))
#38 C:\\laragon\\www\\Personal\\backend-myapp-v2\\vendor\\laravel\\framework\\src\\Illuminate\\Pipeline\\Pipeline.php(183): Illuminate\\Cookie\\Middleware\\AddQueuedCookiesToResponse->handle(Object(Illuminate\\Http\\Request), Object(Closure))
#39 C:\\laragon\\www\\Personal\\backend-myapp-v2\\vendor\\laravel\\framework\\src\\Illuminate\\Cookie\\Middleware\\EncryptCookies.php(75): Illuminate\\Pipeline\\Pipeline->Illuminate\\Pipeline\\{closure}(Object(Illuminate\\Http\\Request))
#40 C:\\laragon\\www\\Personal\\backend-myapp-v2\\vendor\\laravel\\framework\\src\\Illuminate\\Pipeline\\Pipeline.php(183): Illuminate\\Cookie\\Middleware\\EncryptCookies->handle(Object(Illuminate\\Http\\Request), Object(Closure))
#41 C:\\laragon\\www\\Personal\\backend-myapp-v2\\vendor\\filament\\filament\\src\\Http\\Middleware\\SetUpPanel.php(19): Illuminate\\Pipeline\\Pipeline->Illuminate\\Pipeline\\{closure}(Object(Illuminate\\Http\\Request))
#42 C:\\laragon\\www\\Personal\\backend-myapp-v2\\vendor\\laravel\\framework\\src\\Illuminate\\Pipeline\\Pipeline.php(183): Filament\\Http\\Middleware\\SetUpPanel->handle(Object(Illuminate\\Http\\Request), Object(Closure), Object(Filament\\Panel))
#43 C:\\laragon\\www\\Personal\\backend-myapp-v2\\vendor\\laravel\\framework\\src\\Illuminate\\Pipeline\\Pipeline.php(119): Illuminate\\Pipeline\\Pipeline->Illuminate\\Pipeline\\{closure}(Object(Illuminate\\Http\\Request))
#44 C:\\laragon\\www\\Personal\\backend-myapp-v2\\vendor\\laravel\\framework\\src\\Illuminate\\Routing\\Router.php(807): Illuminate\\Pipeline\\Pipeline->then(Object(Closure))
#45 C:\\laragon\\www\\Personal\\backend-myapp-v2\\vendor\\laravel\\framework\\src\\Illuminate\\Routing\\Router.php(786): Illuminate\\Routing\\Router->runRouteWithinStack(Object(Illuminate\\Routing\\Route), Object(Illuminate\\Http\\Request))
#46 C:\\laragon\\www\\Personal\\backend-myapp-v2\\vendor\\laravel\\framework\\src\\Illuminate\\Routing\\Router.php(750): Illuminate\\Routing\\Router->runRoute(Object(Illuminate\\Http\\Request), Object(Illuminate\\Routing\\Route))
#47 C:\\laragon\\www\\Personal\\backend-myapp-v2\\vendor\\laravel\\framework\\src\\Illuminate\\Routing\\Router.php(739): Illuminate\\Routing\\Router->dispatchToRoute(Object(Illuminate\\Http\\Request))
#48 C:\\laragon\\www\\Personal\\backend-myapp-v2\\vendor\\laravel\\framework\\src\\Illuminate\\Foundation\\Http\\Kernel.php(201): Illuminate\\Routing\\Router->dispatch(Object(Illuminate\\Http\\Request))
#49 C:\\laragon\\www\\Personal\\backend-myapp-v2\\vendor\\laravel\\framework\\src\\Illuminate\\Pipeline\\Pipeline.php(144): Illuminate\\Foundation\\Http\\Kernel->Illuminate\\Foundation\\Http\\{closure}(Object(Illuminate\\Http\\Request))
#50 C:\\laragon\\www\\Personal\\backend-myapp-v2\\vendor\\livewire\\livewire\\src\\Features\\SupportDisablingBackButtonCache\\DisableBackButtonCacheMiddleware.php(19): Illuminate\\Pipeline\\Pipeline->Illuminate\\Pipeline\\{closure}(Object(Illuminate\\Http\\Request))
#51 C:\\laragon\\www\\Personal\\backend-myapp-v2\\vendor\\laravel\\framework\\src\\Illuminate\\Pipeline\\Pipeline.php(183): Livewire\\Features\\SupportDisablingBackButtonCache\\DisableBackButtonCacheMiddleware->handle(Object(Illuminate\\Http\\Request), Object(Closure))
#52 C:\\laragon\\www\\Personal\\backend-myapp-v2\\vendor\\laravel\\framework\\src\\Illuminate\\Foundation\\Http\\Middleware\\TransformsRequest.php(21): Illuminate\\Pipeline\\Pipeline->Illuminate\\Pipeline\\{closure}(Object(Illuminate\\Http\\Request))
#53 C:\\laragon\\www\\Personal\\backend-myapp-v2\\vendor\\laravel\\framework\\src\\Illuminate\\Foundation\\Http\\Middleware\\ConvertEmptyStringsToNull.php(31): Illuminate\\Foundation\\Http\\Middleware\\TransformsRequest->handle(Object(Illuminate\\Http\\Request), Object(Closure))
#54 C:\\laragon\\www\\Personal\\backend-myapp-v2\\vendor\\laravel\\framework\\src\\Illuminate\\Pipeline\\Pipeline.php(183): Illuminate\\Foundation\\Http\\Middleware\\ConvertEmptyStringsToNull->handle(Object(Illuminate\\Http\\Request), Object(Closure))
#55 C:\\laragon\\www\\Personal\\backend-myapp-v2\\vendor\\laravel\\framework\\src\\Illuminate\\Foundation\\Http\\Middleware\\TransformsRequest.php(21): Illuminate\\Pipeline\\Pipeline->Illuminate\\Pipeline\\{closure}(Object(Illuminate\\Http\\Request))
#56 C:\\laragon\\www\\Personal\\backend-myapp-v2\\vendor\\laravel\\framework\\src\\Illuminate\\Foundation\\Http\\Middleware\\TrimStrings.php(51): Illuminate\\Foundation\\Http\\Middleware\\TransformsRequest->handle(Object(Illuminate\\Http\\Request), Object(Closure))
#57 C:\\laragon\\www\\Personal\\backend-myapp-v2\\vendor\\laravel\\framework\\src\\Illuminate\\Pipeline\\Pipeline.php(183): Illuminate\\Foundation\\Http\\Middleware\\TrimStrings->handle(Object(Illuminate\\Http\\Request), Object(Closure))
#58 C:\\laragon\\www\\Personal\\backend-myapp-v2\\vendor\\laravel\\framework\\src\\Illuminate\\Http\\Middleware\\ValidatePostSize.php(27): Illuminate\\Pipeline\\Pipeline->Illuminate\\Pipeline\\{closure}(Object(Illuminate\\Http\\Request))
#59 C:\\laragon\\www\\Personal\\backend-myapp-v2\\vendor\\laravel\\framework\\src\\Illuminate\\Pipeline\\Pipeline.php(183): Illuminate\\Http\\Middleware\\ValidatePostSize->handle(Object(Illuminate\\Http\\Request), Object(Closure))
#60 C:\\laragon\\www\\Personal\\backend-myapp-v2\\vendor\\laravel\\framework\\src\\Illuminate\\Foundation\\Http\\Middleware\\PreventRequestsDuringMaintenance.php(110): Illuminate\\Pipeline\\Pipeline->Illuminate\\Pipeline\\{closure}(Object(Illuminate\\Http\\Request))
#61 C:\\laragon\\www\\Personal\\backend-myapp-v2\\vendor\\laravel\\framework\\src\\Illuminate\\Pipeline\\Pipeline.php(183): Illuminate\\Foundation\\Http\\Middleware\\PreventRequestsDuringMaintenance->handle(Object(Illuminate\\Http\\Request), Object(Closure))
#62 C:\\laragon\\www\\Personal\\backend-myapp-v2\\vendor\\laravel\\framework\\src\\Illuminate\\Http\\Middleware\\HandleCors.php(49): Illuminate\\Pipeline\\Pipeline->Illuminate\\Pipeline\\{closure}(Object(Illuminate\\Http\\Request))
#63 C:\\laragon\\www\\Personal\\backend-myapp-v2\\vendor\\laravel\\framework\\src\\Illuminate\\Pipeline\\Pipeline.php(183): Illuminate\\Http\\Middleware\\HandleCors->handle(Object(Illuminate\\Http\\Request), Object(Closure))
#64 C:\\laragon\\www\\Personal\\backend-myapp-v2\\vendor\\laravel\\framework\\src\\Illuminate\\Http\\Middleware\\TrustProxies.php(57): Illuminate\\Pipeline\\Pipeline->Illuminate\\Pipeline\\{closure}(Object(Illuminate\\Http\\Request))
#65 C:\\laragon\\www\\Personal\\backend-myapp-v2\\vendor\\laravel\\framework\\src\\Illuminate\\Pipeline\\Pipeline.php(183): Illuminate\\Http\\Middleware\\TrustProxies->handle(Object(Illuminate\\Http\\Request), Object(Closure))
#66 C:\\laragon\\www\\Personal\\backend-myapp-v2\\vendor\\laravel\\framework\\src\\Illuminate\\Pipeline\\Pipeline.php(119): Illuminate\\Pipeline\\Pipeline->Illuminate\\Pipeline\\{closure}(Object(Illuminate\\Http\\Request))
#67 C:\\laragon\\www\\Personal\\backend-myapp-v2\\vendor\\laravel\\framework\\src\\Illuminate\\Foundation\\Http\\Kernel.php(176): Illuminate\\Pipeline\\Pipeline->then(Object(Closure))
#68 C:\\laragon\\www\\Personal\\backend-myapp-v2\\vendor\\laravel\\framework\\src\\Illuminate\\Foundation\\Http\\Kernel.php(145): Illuminate\\Foundation\\Http\\Kernel->sendRequestThroughRouter(Object(Illuminate\\Http\\Request))
#69 C:\\laragon\\www\\Personal\\backend-myapp-v2\\vendor\\laravel\\framework\\src\\Illuminate\\Foundation\\Application.php(1188): Illuminate\\Foundation\\Http\\Kernel->handle(Object(Illuminate\\Http\\Request))
#70 C:\\laragon\\www\\Personal\\backend-myapp-v2\\public\\index.php(17): Illuminate\\Foundation\\Application->handleRequest(Object(Illuminate\\Http\\Request))
#71 C:\\laragon\\www\\Personal\\backend-myapp-v2\\vendor\\laravel\\framework\\src\\Illuminate\\Foundation\\resources\\server.php(23): require_once('C:\\\\laragon\\\\www\\\\...')
#72 {main}

[previous exception] [object] (Illuminate\\View\\ViewException(code: 0): Filament\\Forms\\Components\\Select::getOptions(): Return value must be of type array, string returned (View: C:\\laragon\\www\\Personal\\backend-myapp-v2\\vendor\\filament\\forms\\resources\\views\\components\\select.blade.php) (View: C:\\laragon\\www\\Personal\\backend-myapp-v2\\vendor\\filament\\forms\\resources\\views\\components\\select.blade.php) at C:\\laragon\\www\\Personal\\backend-myapp-v2\\vendor\\filament\\forms\\src\\Components\\Concerns\\HasOptions.php:57)
[stacktrace]
#0 C:\\laragon\\www\\Personal\\backend-myapp-v2\\vendor\\livewire\\livewire\\src\\Mechanisms\\ExtendBlade\\ExtendedCompilerEngine.php(58): Illuminate\\View\\Engines\\CompilerEngine->handleViewException(Object(Illuminate\\View\\ViewException), 4)
#1 C:\\laragon\\www\\Personal\\backend-myapp-v2\\vendor\\livewire\\livewire\\src\\Mechanisms\\ExtendBlade\\ExtendedCompilerEngine.php(40): Livewire\\Mechanisms\\ExtendBlade\\ExtendedCompilerEngine->handleViewException(Object(Illuminate\\View\\ViewException), 4)
#2 C:\\laragon\\www\\Personal\\backend-myapp-v2\\vendor\\laravel\\framework\\src\\Illuminate\\View\\Engines\\CompilerEngine.php(73): Livewire\\Mechanisms\\ExtendBlade\\ExtendedCompilerEngine->evaluatePath('C:\\\\laragon\\\\www\\\\...', Array)
#3 C:\\laragon\\www\\Personal\\backend-myapp-v2\\vendor\\livewire\\livewire\\src\\Mechanisms\\ExtendBlade\\ExtendedCompilerEngine.php(16): Illuminate\\View\\Engines\\CompilerEngine->get('C:\\\\laragon\\\\www\\\\...', Array)
#4 C:\\laragon\\www\\Personal\\backend-myapp-v2\\vendor\\laravel\\framework\\src\\Illuminate\\View\\View.php(208): Livewire\\Mechanisms\\ExtendBlade\\ExtendedCompilerEngine->get('C:\\\\laragon\\\\www\\\\...', Array)
#5 C:\\laragon\\www\\Personal\\backend-myapp-v2\\vendor\\laravel\\framework\\src\\Illuminate\\View\\View.php(191): Illuminate\\View\\View->getContents()
#6 C:\\laragon\\www\\Personal\\backend-myapp-v2\\vendor\\laravel\\framework\\src\\Illuminate\\View\\View.php(160): Illuminate\\View\\View->renderContents()
#7 C:\\laragon\\www\\Personal\\backend-myapp-v2\\vendor\\filament\\support\\src\\Components\\ViewComponent.php(106): Illuminate\\View\\View->render()
#8 C:\\laragon\\www\\Personal\\backend-myapp-v2\\vendor\\laravel\\framework\\src\\Illuminate\\Support\\helpers.php(128): Filament\\Support\\Components\\ViewComponent->toHtml()
#9 C:\\laragon\\www\\Personal\\backend-myapp-v2\\storage\\framework\\views\\960d6330af54988301e7919008ef5975.php(27): e(Object(Filament\\Forms\\Form))
#10 C:\\laragon\\www\\Personal\\backend-myapp-v2\\vendor\\livewire\\livewire\\src\\Mechanisms\\ExtendBlade\\ExtendedCompilerEngine.php(37): include('C:\\\\laragon\\\\www\\\\...')
#11 C:\\laragon\\www\\Personal\\backend-myapp-v2\\vendor\\livewire\\livewire\\src\\Mechanisms\\ExtendBlade\\ExtendedCompilerEngine.php(38): App\\Filament\\Resources\\ArchivementResource\\Pages\\CreateArchivement->Livewire\\Mechanisms\\ExtendBlade\\{closure}()
#12 C:\\laragon\\www\\Personal\\backend-myapp-v2\\vendor\\laravel\\framework\\src\\Illuminate\\View\\Engines\\CompilerEngine.php(73): Livewire\\Mechanisms\\ExtendBlade\\ExtendedCompilerEngine->evaluatePath('C:\\\\laragon\\\\www\\\\...', Array)
#13 C:\\laragon\\www\\Personal\\backend-myapp-v2\\vendor\\livewire\\livewire\\src\\Mechanisms\\ExtendBlade\\ExtendedCompilerEngine.php(16): Illuminate\\View\\Engines\\CompilerEngine->get('C:\\\\laragon\\\\www\\\\...', Array)
#14 C:\\laragon\\www\\Personal\\backend-myapp-v2\\vendor\\laravel\\framework\\src\\Illuminate\\View\\View.php(208): Livewire\\Mechanisms\\ExtendBlade\\ExtendedCompilerEngine->get('C:\\\\laragon\\\\www\\\\...', Array)
#15 C:\\laragon\\www\\Personal\\backend-myapp-v2\\vendor\\laravel\\framework\\src\\Illuminate\\View\\View.php(191): Illuminate\\View\\View->getContents()
#16 C:\\laragon\\www\\Personal\\backend-myapp-v2\\vendor\\laravel\\framework\\src\\Illuminate\\View\\View.php(160): Illuminate\\View\\View->renderContents()
#17 C:\\laragon\\www\\Personal\\backend-myapp-v2\\vendor\\livewire\\livewire\\src\\Mechanisms\\HandleComponents\\HandleComponents.php(241): Illuminate\\View\\View->render(Object(Closure))
#18 C:\\laragon\\www\\Personal\\backend-myapp-v2\\vendor\\livewire\\livewire\\src\\Mechanisms\\HandleComponents\\HandleComponents.php(285): Livewire\\Mechanisms\\HandleComponents\\HandleComponents->Livewire\\Mechanisms\\HandleComponents\\{closure}()
#19 C:\\laragon\\www\\Personal\\backend-myapp-v2\\vendor\\livewire\\livewire\\src\\Mechanisms\\HandleComponents\\HandleComponents.php(233): Livewire\\Mechanisms\\HandleComponents\\HandleComponents->trackInRenderStack(Object(App\\Filament\\Resources\\ArchivementResource\\Pages\\CreateArchivement), Object(Closure))
#20 C:\\laragon\\www\\Personal\\backend-myapp-v2\\vendor\\livewire\\livewire\\src\\Mechanisms\\HandleComponents\\HandleComponents.php(54): Livewire\\Mechanisms\\HandleComponents\\HandleComponents->render(Object(App\\Filament\\Resources\\ArchivementResource\\Pages\\CreateArchivement), '<div></div>')
#21 C:\\laragon\\www\\Personal\\backend-myapp-v2\\vendor\\livewire\\livewire\\src\\LivewireManager.php(73): Livewire\\Mechanisms\\HandleComponents\\HandleComponents->mount('App\\\\Filament\\\\Re...', Array, NULL)
#22 C:\\laragon\\www\\Personal\\backend-myapp-v2\\vendor\\livewire\\livewire\\src\\Features\\SupportPageComponents\\HandlesPageComponents.php(17): Livewire\\LivewireManager->mount('App\\\\Filament\\\\Re...', Array)
#23 C:\\laragon\\www\\Personal\\backend-myapp-v2\\vendor\\livewire\\livewire\\src\\Features\\SupportPageComponents\\SupportPageComponents.php(117): Livewire\\Component->Livewire\\Features\\SupportPageComponents\\{closure}()
#24 C:\\laragon\\www\\Personal\\backend-myapp-v2\\vendor\\livewire\\livewire\\src\\Features\\SupportPageComponents\\HandlesPageComponents.php(14): Livewire\\Features\\SupportPageComponents\\SupportPageComponents::interceptTheRenderOfTheComponentAndRetreiveTheLayoutConfiguration(Object(Closure))
#25 C:\\laragon\\www\\Personal\\backend-myapp-v2\\vendor\\laravel\\framework\\src\\Illuminate\\Routing\\ControllerDispatcher.php(46): Livewire\\Component->__invoke()
#26 C:\\laragon\\www\\Personal\\backend-myapp-v2\\vendor\\laravel\\framework\\src\\Illuminate\\Routing\\Route.php(260): Illuminate\\Routing\\ControllerDispatcher->dispatch(Object(Illuminate\\Routing\\Route), Object(App\\Filament\\Resources\\ArchivementResource\\Pages\\CreateArchivement), '__invoke')
#27 C:\\laragon\\www\\Personal\\backend-myapp-v2\\vendor\\laravel\\framework\\src\\Illuminate\\Routing\\Route.php(206): Illuminate\\Routing\\Route->runController()
#28 C:\\laragon\\www\\Personal\\backend-myapp-v2\\vendor\\laravel\\framework\\src\\Illuminate\\Routing\\Router.php(808): Illuminate\\Routing\\Route->run()
#29 C:\\laragon\\www\\Personal\\backend-myapp-v2\\vendor\\laravel\\framework\\src\\Illuminate\\Pipeline\\Pipeline.php(144): Illuminate\\Routing\\Router->Illuminate\\Routing\\{closure}(Object(Illuminate\\Http\\Request))
#30 C:\\laragon\\www\\Personal\\backend-myapp-v2\\vendor\\filament\\filament\\src\\Http\\Middleware\\DispatchServingFilamentEvent.php(15): Illuminate\\Pipeline\\Pipeline->Illuminate\\Pipeline\\{closure}(Object(Illuminate\\Http\\Request))
#31 C:\\laragon\\www\\Personal\\backend-myapp-v2\\vendor\\laravel\\framework\\src\\Illuminate\\Pipeline\\Pipeline.php(183): Filament\\Http\\Middleware\\DispatchServingFilamentEvent->handle(Object(Illuminate\\Http\\Request), Object(Closure))
#32 C:\\laragon\\www\\Personal\\backend-myapp-v2\\vendor\\filament\\filament\\src\\Http\\Middleware\\DisableBladeIconComponents.php(14): Illuminate\\Pipeline\\Pipeline->Illuminate\\Pipeline\\{closure}(Object(Illuminate\\Http\\Request))
#33 C:\\laragon\\www\\Personal\\backend-myapp-v2\\vendor\\laravel\\framework\\src\\Illuminate\\Pipeline\\Pipeline.php(183): Filament\\Http\\Middleware\\DisableBladeIconComponents->handle(Object(Illuminate\\Http\\Request), Object(Closure))
#34 C:\\laragon\\www\\Personal\\backend-myapp-v2\\vendor\\laravel\\framework\\src\\Illuminate\\Routing\\Middleware\\SubstituteBindings.php(51): Illuminate\\Pipeline\\Pipeline->Illuminate\\Pipeline\\{closure}(Object(Illuminate\\Http\\Request))
#35 C:\\laragon\\www\\Personal\\backend-myapp-v2\\vendor\\laravel\\framework\\src\\Illuminate\\Pipeline\\Pipeline.php(183): Illuminate\\Routing\\Middleware\\SubstituteBindings->handle(Object(Illuminate\\Http\\Request), Object(Closure))
#36 C:\\laragon\\www\\Personal\\backend-myapp-v2\\vendor\\laravel\\framework\\src\\Illuminate\\Foundation\\Http\\Middleware\\VerifyCsrfToken.php(88): Illuminate\\Pipeline\\Pipeline->Illuminate\\Pipeline\\{closure}(Object(Illuminate\\Http\\Request))
#37 C:\\laragon\\www\\Personal\\backend-myapp-v2\\vendor\\laravel\\framework\\src\\Illuminate\\Pipeline\\Pipeline.php(183): Illuminate\\Foundation\\Http\\Middleware\\VerifyCsrfToken->handle(Object(Illuminate\\Http\\Request), Object(Closure))
#38 C:\\laragon\\www\\Personal\\backend-myapp-v2\\vendor\\laravel\\framework\\src\\Illuminate\\Session\\Middleware\\AuthenticateSession.php(67): Illuminate\\Pipeline\\Pipeline->Illuminate\\Pipeline\\{closure}(Object(Illuminate\\Http\\Request))
#39 C:\\laragon\\www\\Personal\\backend-myapp-v2\\vendor\\laravel\\framework\\src\\Illuminate\\Pipeline\\Pipeline.php(183): Illuminate\\Session\\Middleware\\AuthenticateSession->handle(Object(Illuminate\\Http\\Request), Object(Closure))
#40 C:\\laragon\\www\\Personal\\backend-myapp-v2\\vendor\\laravel\\framework\\src\\Illuminate\\Auth\\Middleware\\Authenticate.php(64): Illuminate\\Pipeline\\Pipeline->Illuminate\\Pipeline\\{closure}(Object(Illuminate\\Http\\Request))
#41 C:\\laragon\\www\\Personal\\backend-myapp-v2\\vendor\\laravel\\framework\\src\\Illuminate\\Pipeline\\Pipeline.php(183): Illuminate\\Auth\\Middleware\\Authenticate->handle(Object(Illuminate\\Http\\Request), Object(Closure))
#42 C:\\laragon\\www\\Personal\\backend-myapp-v2\\vendor\\laravel\\framework\\src\\Illuminate\\View\\Middleware\\ShareErrorsFromSession.php(49): Illuminate\\Pipeline\\Pipeline->Illuminate\\Pipeline\\{closure}(Object(Illuminate\\Http\\Request))
#43 C:\\laragon\\www\\Personal\\backend-myapp-v2\\vendor\\laravel\\framework\\src\\Illuminate\\Pipeline\\Pipeline.php(183): Illuminate\\View\\Middleware\\ShareErrorsFromSession->handle(Object(Illuminate\\Http\\Request), Object(Closure))
#44 C:\\laragon\\www\\Personal\\backend-myapp-v2\\vendor\\laravel\\framework\\src\\Illuminate\\Session\\Middleware\\StartSession.php(121): Illuminate\\Pipeline\\Pipeline->Illuminate\\Pipeline\\{closure}(Object(Illuminate\\Http\\Request))
#45 C:\\laragon\\www\\Personal\\backend-myapp-v2\\vendor\\laravel\\framework\\src\\Illuminate\\Session\\Middleware\\StartSession.php(64): Illuminate\\Session\\Middleware\\StartSession->handleStatefulRequest(Object(Illuminate\\Http\\Request), Object(Illuminate\\Session\\Store), Object(Closure))
#46 C:\\laragon\\www\\Personal\\backend-myapp-v2\\vendor\\laravel\\framework\\src\\Illuminate\\Pipeline\\Pipeline.php(183): Illuminate\\Session\\Middleware\\StartSession->handle(Object(Illuminate\\Http\\Request), Object(Closure))
#47 C:\\laragon\\www\\Personal\\backend-myapp-v2\\vendor\\laravel\\framework\\src\\Illuminate\\Cookie\\Middleware\\AddQueuedCookiesToResponse.php(37): Illuminate\\Pipeline\\Pipeline->Illuminate\\Pipeline\\{closure}(Object(Illuminate\\Http\\Request))
#48 C:\\laragon\\www\\Personal\\backend-myapp-v2\\vendor\\laravel\\framework\\src\\Illuminate\\Pipeline\\Pipeline.php(183): Illuminate\\Cookie\\Middleware\\AddQueuedCookiesToResponse->handle(Object(Illuminate\\Http\\Request), Object(Closure))
#49 C:\\laragon\\www\\Personal\\backend-myapp-v2\\vendor\\laravel\\framework\\src\\Illuminate\\Cookie\\Middleware\\EncryptCookies.php(75): Illuminate\\Pipeline\\Pipeline->Illuminate\\Pipeline\\{closure}(Object(Illuminate\\Http\\Request))
#50 C:\\laragon\\www\\Personal\\backend-myapp-v2\\vendor\\laravel\\framework\\src\\Illuminate\\Pipeline\\Pipeline.php(183): Illuminate\\Cookie\\Middleware\\EncryptCookies->handle(Object(Illuminate\\Http\\Request), Object(Closure))
#51 C:\\laragon\\www\\Personal\\backend-myapp-v2\\vendor\\filament\\filament\\src\\Http\\Middleware\\SetUpPanel.php(19): Illuminate\\Pipeline\\Pipeline->Illuminate\\Pipeline\\{closure}(Object(Illuminate\\Http\\Request))
#52 C:\\laragon\\www\\Personal\\backend-myapp-v2\\vendor\\laravel\\framework\\src\\Illuminate\\Pipeline\\Pipeline.php(183): Filament\\Http\\Middleware\\SetUpPanel->handle(Object(Illuminate\\Http\\Request), Object(Closure), Object(Filament\\Panel))
#53 C:\\laragon\\www\\Personal\\backend-myapp-v2\\vendor\\laravel\\framework\\src\\Illuminate\\Pipeline\\Pipeline.php(119): Illuminate\\Pipeline\\Pipeline->Illuminate\\Pipeline\\{closure}(Object(Illuminate\\Http\\Request))
#54 C:\\laragon\\www\\Personal\\backend-myapp-v2\\vendor\\laravel\\framework\\src\\Illuminate\\Routing\\Router.php(807): Illuminate\\Pipeline\\Pipeline->then(Object(Closure))
#55 C:\\laragon\\www\\Personal\\backend-myapp-v2\\vendor\\laravel\\framework\\src\\Illuminate\\Routing\\Router.php(786): Illuminate\\Routing\\Router->runRouteWithinStack(Object(Illuminate\\Routing\\Route), Object(Illuminate\\Http\\Request))
#56 C:\\laragon\\www\\Personal\\backend-myapp-v2\\vendor\\laravel\\framework\\src\\Illuminate\\Routing\\Router.php(750): Illuminate\\Routing\\Router->runRoute(Object(Illuminate\\Http\\Request), Object(Illuminate\\Routing\\Route))
#57 C:\\laragon\\www\\Personal\\backend-myapp-v2\\vendor\\laravel\\framework\\src\\Illuminate\\Routing\\Router.php(739): Illuminate\\Routing\\Router->dispatchToRoute(Object(Illuminate\\Http\\Request))
#58 C:\\laragon\\www\\Personal\\backend-myapp-v2\\vendor\\laravel\\framework\\src\\Illuminate\\Foundation\\Http\\Kernel.php(201): Illuminate\\Routing\\Router->dispatch(Object(Illuminate\\Http\\Request))
#59 C:\\laragon\\www\\Personal\\backend-myapp-v2\\vendor\\laravel\\framework\\src\\Illuminate\\Pipeline\\Pipeline.php(144): Illuminate\\Foundation\\Http\\Kernel->Illuminate\\Foundation\\Http\\{closure}(Object(Illuminate\\Http\\Request))
#60 C:\\laragon\\www\\Personal\\backend-myapp-v2\\vendor\\livewire\\livewire\\src\\Features\\SupportDisablingBackButtonCache\\DisableBackButtonCacheMiddleware.php(19): Illuminate\\Pipeline\\Pipeline->Illuminate\\Pipeline\\{closure}(Object(Illuminate\\Http\\Request))
#61 C:\\laragon\\www\\Personal\\backend-myapp-v2\\vendor\\laravel\\framework\\src\\Illuminate\\Pipeline\\Pipeline.php(183): Livewire\\Features\\SupportDisablingBackButtonCache\\DisableBackButtonCacheMiddleware->handle(Object(Illuminate\\Http\\Request), Object(Closure))
#62 C:\\laragon\\www\\Personal\\backend-myapp-v2\\vendor\\laravel\\framework\\src\\Illuminate\\Foundation\\Http\\Middleware\\TransformsRequest.php(21): Illuminate\\Pipeline\\Pipeline->Illuminate\\Pipeline\\{closure}(Object(Illuminate\\Http\\Request))
#63 C:\\laragon\\www\\Personal\\backend-myapp-v2\\vendor\\laravel\\framework\\src\\Illuminate\\Foundation\\Http\\Middleware\\ConvertEmptyStringsToNull.php(31): Illuminate\\Foundation\\Http\\Middleware\\TransformsRequest->handle(Object(Illuminate\\Http\\Request), Object(Closure))
#64 C:\\laragon\\www\\Personal\\backend-myapp-v2\\vendor\\laravel\\framework\\src\\Illuminate\\Pipeline\\Pipeline.php(183): Illuminate\\Foundation\\Http\\Middleware\\ConvertEmptyStringsToNull->handle(Object(Illuminate\\Http\\Request), Object(Closure))
#65 C:\\laragon\\www\\Personal\\backend-myapp-v2\\vendor\\laravel\\framework\\src\\Illuminate\\Foundation\\Http\\Middleware\\TransformsRequest.php(21): Illuminate\\Pipeline\\Pipeline->Illuminate\\Pipeline\\{closure}(Object(Illuminate\\Http\\Request))
#66 C:\\laragon\\www\\Personal\\backend-myapp-v2\\vendor\\laravel\\framework\\src\\Illuminate\\Foundation\\Http\\Middleware\\TrimStrings.php(51): Illuminate\\Foundation\\Http\\Middleware\\TransformsRequest->handle(Object(Illuminate\\Http\\Request), Object(Closure))
#67 C:\\laragon\\www\\Personal\\backend-myapp-v2\\vendor\\laravel\\framework\\src\\Illuminate\\Pipeline\\Pipeline.php(183): Illuminate\\Foundation\\Http\\Middleware\\TrimStrings->handle(Object(Illuminate\\Http\\Request), Object(Closure))
#68 C:\\laragon\\www\\Personal\\backend-myapp-v2\\vendor\\laravel\\framework\\src\\Illuminate\\Http\\Middleware\\ValidatePostSize.php(27): Illuminate\\Pipeline\\Pipeline->Illuminate\\Pipeline\\{closure}(Object(Illuminate\\Http\\Request))
#69 C:\\laragon\\www\\Personal\\backend-myapp-v2\\vendor\\laravel\\framework\\src\\Illuminate\\Pipeline\\Pipeline.php(183): Illuminate\\Http\\Middleware\\ValidatePostSize->handle(Object(Illuminate\\Http\\Request), Object(Closure))
#70 C:\\laragon\\www\\Personal\\backend-myapp-v2\\vendor\\laravel\\framework\\src\\Illuminate\\Foundation\\Http\\Middleware\\PreventRequestsDuringMaintenance.php(110): Illuminate\\Pipeline\\Pipeline->Illuminate\\Pipeline\\{closure}(Object(Illuminate\\Http\\Request))
#71 C:\\laragon\\www\\Personal\\backend-myapp-v2\\vendor\\laravel\\framework\\src\\Illuminate\\Pipeline\\Pipeline.php(183): Illuminate\\Foundation\\Http\\Middleware\\PreventRequestsDuringMaintenance->handle(Object(Illuminate\\Http\\Request), Object(Closure))
#72 C:\\laragon\\www\\Personal\\backend-myapp-v2\\vendor\\laravel\\framework\\src\\Illuminate\\Http\\Middleware\\HandleCors.php(49): Illuminate\\Pipeline\\Pipeline->Illuminate\\Pipeline\\{closure}(Object(Illuminate\\Http\\Request))
#73 C:\\laragon\\www\\Personal\\backend-myapp-v2\\vendor\\laravel\\framework\\src\\Illuminate\\Pipeline\\Pipeline.php(183): Illuminate\\Http\\Middleware\\HandleCors->handle(Object(Illuminate\\Http\\Request), Object(Closure))
#74 C:\\laragon\\www\\Personal\\backend-myapp-v2\\vendor\\laravel\\framework\\src\\Illuminate\\Http\\Middleware\\TrustProxies.php(57): Illuminate\\Pipeline\\Pipeline->Illuminate\\Pipeline\\{closure}(Object(Illuminate\\Http\\Request))
#75 C:\\laragon\\www\\Personal\\backend-myapp-v2\\vendor\\laravel\\framework\\src\\Illuminate\\Pipeline\\Pipeline.php(183): Illuminate\\Http\\Middleware\\TrustProxies->handle(Object(Illuminate\\Http\\Request), Object(Closure))
#76 C:\\laragon\\www\\Personal\\backend-myapp-v2\\vendor\\laravel\\framework\\src\\Illuminate\\Pipeline\\Pipeline.php(119): Illuminate\\Pipeline\\Pipeline->Illuminate\\Pipeline\\{closure}(Object(Illuminate\\Http\\Request))
#77 C:\\laragon\\www\\Personal\\backend-myapp-v2\\vendor\\laravel\\framework\\src\\Illuminate\\Foundation\\Http\\Kernel.php(176): Illuminate\\Pipeline\\Pipeline->then(Object(Closure))
#78 C:\\laragon\\www\\Personal\\backend-myapp-v2\\vendor\\laravel\\framework\\src\\Illuminate\\Foundation\\Http\\Kernel.php(145): Illuminate\\Foundation\\Http\\Kernel->sendRequestThroughRouter(Object(Illuminate\\Http\\Request))
#79 C:\\laragon\\www\\Personal\\backend-myapp-v2\\vendor\\laravel\\framework\\src\\Illuminate\\Foundation\\Application.php(1188): Illuminate\\Foundation\\Http\\Kernel->handle(Object(Illuminate\\Http\\Request))
#80 C:\\laragon\\www\\Personal\\backend-myapp-v2\\public\\index.php(17): Illuminate\\Foundation\\Application->handleRequest(Object(Illuminate\\Http\\Request))
#81 C:\\laragon\\www\\Personal\\backend-myapp-v2\\vendor\\laravel\\framework\\src\\Illuminate\\Foundation\\resources\\server.php(23): require_once('C:\\\\laragon\\\\www\\\\...')
#82 {main}

[previous exception] [object] (Illuminate\\View\\ViewException(code: 0): Filament\\Forms\\Components\\Select::getOptions(): Return value must be of type array, string returned (View: C:\\laragon\\www\\Personal\\backend-myapp-v2\\vendor\\filament\\forms\\resources\\views\\components\\select.blade.php) at C:\\laragon\\www\\Personal\\backend-myapp-v2\\vendor\\filament\\forms\\src\\Components\\Concerns\\HasOptions.php:57)
[stacktrace]
#0 C:\\laragon\\www\\Personal\\backend-myapp-v2\\vendor\\livewire\\livewire\\src\\Mechanisms\\ExtendBlade\\ExtendedCompilerEngine.php(58): Illuminate\\View\\Engines\\CompilerEngine->handleViewException(Object(TypeError), 7)
#1 C:\\laragon\\www\\Personal\\backend-myapp-v2\\vendor\\livewire\\livewire\\src\\Mechanisms\\ExtendBlade\\ExtendedCompilerEngine.php(40): Livewire\\Mechanisms\\ExtendBlade\\ExtendedCompilerEngine->handleViewException(Object(TypeError), 7)
#2 C:\\laragon\\www\\Personal\\backend-myapp-v2\\vendor\\laravel\\framework\\src\\Illuminate\\View\\Engines\\CompilerEngine.php(73): Livewire\\Mechanisms\\ExtendBlade\\ExtendedCompilerEngine->evaluatePath('C:\\\\laragon\\\\www\\\\...', Array)
#3 C:\\laragon\\www\\Personal\\backend-myapp-v2\\vendor\\livewire\\livewire\\src\\Mechanisms\\ExtendBlade\\ExtendedCompilerEngine.php(16): Illuminate\\View\\Engines\\CompilerEngine->get('C:\\\\laragon\\\\www\\\\...', Array)
#4 C:\\laragon\\www\\Personal\\backend-myapp-v2\\vendor\\laravel\\framework\\src\\Illuminate\\View\\View.php(208): Livewire\\Mechanisms\\ExtendBlade\\ExtendedCompilerEngine->get('C:\\\\laragon\\\\www\\\\...', Array)
#5 C:\\laragon\\www\\Personal\\backend-myapp-v2\\vendor\\laravel\\framework\\src\\Illuminate\\View\\View.php(191): Illuminate\\View\\View->getContents()
#6 C:\\laragon\\www\\Personal\\backend-myapp-v2\\vendor\\laravel\\framework\\src\\Illuminate\\View\\View.php(160): Illuminate\\View\\View->renderContents()
#7 C:\\laragon\\www\\Personal\\backend-myapp-v2\\vendor\\filament\\support\\src\\Components\\ViewComponent.php(106): Illuminate\\View\\View->render()
#8 C:\\laragon\\www\\Personal\\backend-myapp-v2\\vendor\\laravel\\framework\\src\\Illuminate\\Support\\helpers.php(128): Filament\\Support\\Components\\ViewComponent->toHtml()
#9 C:\\laragon\\www\\Personal\\backend-myapp-v2\\storage\\framework\\views\\f1710d46785193549cb34f7f9e9aa42e.php(140): e(Object(Filament\\Forms\\Components\\Select))
#10 C:\\laragon\\www\\Personal\\backend-myapp-v2\\vendor\\livewire\\livewire\\src\\Mechanisms\\ExtendBlade\\ExtendedCompilerEngine.php(37): include('C:\\\\laragon\\\\www\\\\...')
#11 C:\\laragon\\www\\Personal\\backend-myapp-v2\\vendor\\livewire\\livewire\\src\\Mechanisms\\ExtendBlade\\ExtendedCompilerEngine.php(38): App\\Filament\\Resources\\ArchivementResource\\Pages\\CreateArchivement->Livewire\\Mechanisms\\ExtendBlade\\{closure}()
#12 C:\\laragon\\www\\Personal\\backend-myapp-v2\\vendor\\laravel\\framework\\src\\Illuminate\\View\\Engines\\CompilerEngine.php(73): Livewire\\Mechanisms\\ExtendBlade\\ExtendedCompilerEngine->evaluatePath('C:\\\\laragon\\\\www\\\\...', Array)
#13 C:\\laragon\\www\\Personal\\backend-myapp-v2\\vendor\\livewire\\livewire\\src\\Mechanisms\\ExtendBlade\\ExtendedCompilerEngine.php(16): Illuminate\\View\\Engines\\CompilerEngine->get('C:\\\\laragon\\\\www\\\\...', Array)
#14 C:\\laragon\\www\\Personal\\backend-myapp-v2\\vendor\\laravel\\framework\\src\\Illuminate\\View\\View.php(208): Livewire\\Mechanisms\\ExtendBlade\\ExtendedCompilerEngine->get('C:\\\\laragon\\\\www\\\\...', Array)
#15 C:\\laragon\\www\\Personal\\backend-myapp-v2\\vendor\\laravel\\framework\\src\\Illuminate\\View\\View.php(191): Illuminate\\View\\View->getContents()
#16 C:\\laragon\\www\\Personal\\backend-myapp-v2\\vendor\\laravel\\framework\\src\\Illuminate\\View\\View.php(160): Illuminate\\View\\View->renderContents()
#17 C:\\laragon\\www\\Personal\\backend-myapp-v2\\vendor\\filament\\support\\src\\Components\\ViewComponent.php(106): Illuminate\\View\\View->render()
#18 C:\\laragon\\www\\Personal\\backend-myapp-v2\\vendor\\laravel\\framework\\src\\Illuminate\\Support\\helpers.php(128): Filament\\Support\\Components\\ViewComponent->toHtml()
#19 C:\\laragon\\www\\Personal\\backend-myapp-v2\\storage\\framework\\views\\960d6330af54988301e7919008ef5975.php(27): e(Object(Filament\\Forms\\Form))
#20 C:\\laragon\\www\\Personal\\backend-myapp-v2\\vendor\\livewire\\livewire\\src\\Mechanisms\\ExtendBlade\\ExtendedCompilerEngine.php(37): include('C:\\\\laragon\\\\www\\\\...')
#21 C:\\laragon\\www\\Personal\\backend-myapp-v2\\vendor\\livewire\\livewire\\src\\Mechanisms\\ExtendBlade\\ExtendedCompilerEngine.php(38): App\\Filament\\Resources\\ArchivementResource\\Pages\\CreateArchivement->Livewire\\Mechanisms\\ExtendBlade\\{closure}()
#22 C:\\laragon\\www\\Personal\\backend-myapp-v2\\vendor\\laravel\\framework\\src\\Illuminate\\View\\Engines\\CompilerEngine.php(73): Livewire\\Mechanisms\\ExtendBlade\\ExtendedCompilerEngine->evaluatePath('C:\\\\laragon\\\\www\\\\...', Array)
#23 C:\\laragon\\www\\Personal\\backend-myapp-v2\\vendor\\livewire\\livewire\\src\\Mechanisms\\ExtendBlade\\ExtendedCompilerEngine.php(16): Illuminate\\View\\Engines\\CompilerEngine->get('C:\\\\laragon\\\\www\\\\...', Array)
#24 C:\\laragon\\www\\Personal\\backend-myapp-v2\\vendor\\laravel\\framework\\src\\Illuminate\\View\\View.php(208): Livewire\\Mechanisms\\ExtendBlade\\ExtendedCompilerEngine->get('C:\\\\laragon\\\\www\\\\...', Array)
#25 C:\\laragon\\www\\Personal\\backend-myapp-v2\\vendor\\laravel\\framework\\src\\Illuminate\\View\\View.php(191): Illuminate\\View\\View->getContents()
#26 C:\\laragon\\www\\Personal\\backend-myapp-v2\\vendor\\laravel\\framework\\src\\Illuminate\\View\\View.php(160): Illuminate\\View\\View->renderContents()
#27 C:\\laragon\\www\\Personal\\backend-myapp-v2\\vendor\\livewire\\livewire\\src\\Mechanisms\\HandleComponents\\HandleComponents.php(241): Illuminate\\View\\View->render(Object(Closure))
#28 C:\\laragon\\www\\Personal\\backend-myapp-v2\\vendor\\livewire\\livewire\\src\\Mechanisms\\HandleComponents\\HandleComponents.php(285): Livewire\\Mechanisms\\HandleComponents\\HandleComponents->Livewire\\Mechanisms\\HandleComponents\\{closure}()
#29 C:\\laragon\\www\\Personal\\backend-myapp-v2\\vendor\\livewire\\livewire\\src\\Mechanisms\\HandleComponents\\HandleComponents.php(233): Livewire\\Mechanisms\\HandleComponents\\HandleComponents->trackInRenderStack(Object(App\\Filament\\Resources\\ArchivementResource\\Pages\\CreateArchivement), Object(Closure))
#30 C:\\laragon\\www\\Personal\\backend-myapp-v2\\vendor\\livewire\\livewire\\src\\Mechanisms\\HandleComponents\\HandleComponents.php(54): Livewire\\Mechanisms\\HandleComponents\\HandleComponents->render(Object(App\\Filament\\Resources\\ArchivementResource\\Pages\\CreateArchivement), '<div></div>')
#31 C:\\laragon\\www\\Personal\\backend-myapp-v2\\vendor\\livewire\\livewire\\src\\LivewireManager.php(73): Livewire\\Mechanisms\\HandleComponents\\HandleComponents->mount('App\\\\Filament\\\\Re...', Array, NULL)
#32 C:\\laragon\\www\\Personal\\backend-myapp-v2\\vendor\\livewire\\livewire\\src\\Features\\SupportPageComponents\\HandlesPageComponents.php(17): Livewire\\LivewireManager->mount('App\\\\Filament\\\\Re...', Array)
#33 C:\\laragon\\www\\Personal\\backend-myapp-v2\\vendor\\livewire\\livewire\\src\\Features\\SupportPageComponents\\SupportPageComponents.php(117): Livewire\\Component->Livewire\\Features\\SupportPageComponents\\{closure}()
#34 C:\\laragon\\www\\Personal\\backend-myapp-v2\\vendor\\livewire\\livewire\\src\\Features\\SupportPageComponents\\HandlesPageComponents.php(14): Livewire\\Features\\SupportPageComponents\\SupportPageComponents::interceptTheRenderOfTheComponentAndRetreiveTheLayoutConfiguration(Object(Closure))
#35 C:\\laragon\\www\\Personal\\backend-myapp-v2\\vendor\\laravel\\framework\\src\\Illuminate\\Routing\\ControllerDispatcher.php(46): Livewire\\Component->__invoke()
#36 C:\\laragon\\www\\Personal\\backend-myapp-v2\\vendor\\laravel\\framework\\src\\Illuminate\\Routing\\Route.php(260): Illuminate\\Routing\\ControllerDispatcher->dispatch(Object(Illuminate\\Routing\\Route), Object(App\\Filament\\Resources\\ArchivementResource\\Pages\\CreateArchivement), '__invoke')
#37 C:\\laragon\\www\\Personal\\backend-myapp-v2\\vendor\\laravel\\framework\\src\\Illuminate\\Routing\\Route.php(206): Illuminate\\Routing\\Route->runController()
#38 C:\\laragon\\www\\Personal\\backend-myapp-v2\\vendor\\laravel\\framework\\src\\Illuminate\\Routing\\Router.php(808): Illuminate\\Routing\\Route->run()
#39 C:\\laragon\\www\\Personal\\backend-myapp-v2\\vendor\\laravel\\framework\\src\\Illuminate\\Pipeline\\Pipeline.php(144): Illuminate\\Routing\\Router->Illuminate\\Routing\\{closure}(Object(Illuminate\\Http\\Request))
#40 C:\\laragon\\www\\Personal\\backend-myapp-v2\\vendor\\filament\\filament\\src\\Http\\Middleware\\DispatchServingFilamentEvent.php(15): Illuminate\\Pipeline\\Pipeline->Illuminate\\Pipeline\\{closure}(Object(Illuminate\\Http\\Request))
#41 C:\\laragon\\www\\Personal\\backend-myapp-v2\\vendor\\laravel\\framework\\src\\Illuminate\\Pipeline\\Pipeline.php(183): Filament\\Http\\Middleware\\DispatchServingFilamentEvent->handle(Object(Illuminate\\Http\\Request), Object(Closure))
#42 C:\\laragon\\www\\Personal\\backend-myapp-v2\\vendor\\filament\\filament\\src\\Http\\Middleware\\DisableBladeIconComponents.php(14): Illuminate\\Pipeline\\Pipeline->Illuminate\\Pipeline\\{closure}(Object(Illuminate\\Http\\Request))
#43 C:\\laragon\\www\\Personal\\backend-myapp-v2\\vendor\\laravel\\framework\\src\\Illuminate\\Pipeline\\Pipeline.php(183): Filament\\Http\\Middleware\\DisableBladeIconComponents->handle(Object(Illuminate\\Http\\Request), Object(Closure))
#44 C:\\laragon\\www\\Personal\\backend-myapp-v2\\vendor\\laravel\\framework\\src\\Illuminate\\Routing\\Middleware\\SubstituteBindings.php(51): Illuminate\\Pipeline\\Pipeline->Illuminate\\Pipeline\\{closure}(Object(Illuminate\\Http\\Request))
#45 C:\\laragon\\www\\Personal\\backend-myapp-v2\\vendor\\laravel\\framework\\src\\Illuminate\\Pipeline\\Pipeline.php(183): Illuminate\\Routing\\Middleware\\SubstituteBindings->handle(Object(Illuminate\\Http\\Request), Object(Closure))
#46 C:\\laragon\\www\\Personal\\backend-myapp-v2\\vendor\\laravel\\framework\\src\\Illuminate\\Foundation\\Http\\Middleware\\VerifyCsrfToken.php(88): Illuminate\\Pipeline\\Pipeline->Illuminate\\Pipeline\\{closure}(Object(Illuminate\\Http\\Request))
#47 C:\\laragon\\www\\Personal\\backend-myapp-v2\\vendor\\laravel\\framework\\src\\Illuminate\\Pipeline\\Pipeline.php(183): Illuminate\\Foundation\\Http\\Middleware\\VerifyCsrfToken->handle(Object(Illuminate\\Http\\Request), Object(Closure))
#48 C:\\laragon\\www\\Personal\\backend-myapp-v2\\vendor\\laravel\\framework\\src\\Illuminate\\Session\\Middleware\\AuthenticateSession.php(67): Illuminate\\Pipeline\\Pipeline->Illuminate\\Pipeline\\{closure}(Object(Illuminate\\Http\\Request))
#49 C:\\laragon\\www\\Personal\\backend-myapp-v2\\vendor\\laravel\\framework\\src\\Illuminate\\Pipeline\\Pipeline.php(183): Illuminate\\Session\\Middleware\\AuthenticateSession->handle(Object(Illuminate\\Http\\Request), Object(Closure))
#50 C:\\laragon\\www\\Personal\\backend-myapp-v2\\vendor\\laravel\\framework\\src\\Illuminate\\Auth\\Middleware\\Authenticate.php(64): Illuminate\\Pipeline\\Pipeline->Illuminate\\Pipeline\\{closure}(Object(Illuminate\\Http\\Request))
#51 C:\\laragon\\www\\Personal\\backend-myapp-v2\\vendor\\laravel\\framework\\src\\Illuminate\\Pipeline\\Pipeline.php(183): Illuminate\\Auth\\Middleware\\Authenticate->handle(Object(Illuminate\\Http\\Request), Object(Closure))
#52 C:\\laragon\\www\\Personal\\backend-myapp-v2\\vendor\\laravel\\framework\\src\\Illuminate\\View\\Middleware\\ShareErrorsFromSession.php(49): Illuminate\\Pipeline\\Pipeline->Illuminate\\Pipeline\\{closure}(Object(Illuminate\\Http\\Request))
#53 C:\\laragon\\www\\Personal\\backend-myapp-v2\\vendor\\laravel\\framework\\src\\Illuminate\\Pipeline\\Pipeline.php(183): Illuminate\\View\\Middleware\\ShareErrorsFromSession->handle(Object(Illuminate\\Http\\Request), Object(Closure))
#54 C:\\laragon\\www\\Personal\\backend-myapp-v2\\vendor\\laravel\\framework\\src\\Illuminate\\Session\\Middleware\\StartSession.php(121): Illuminate\\Pipeline\\Pipeline->Illuminate\\Pipeline\\{closure}(Object(Illuminate\\Http\\Request))
#55 C:\\laragon\\www\\Personal\\backend-myapp-v2\\vendor\\laravel\\framework\\src\\Illuminate\\Session\\Middleware\\StartSession.php(64): Illuminate\\Session\\Middleware\\StartSession->handleStatefulRequest(Object(Illuminate\\Http\\Request), Object(Illuminate\\Session\\Store), Object(Closure))
#56 C:\\laragon\\www\\Personal\\backend-myapp-v2\\vendor\\laravel\\framework\\src\\Illuminate\\Pipeline\\Pipeline.php(183): Illuminate\\Session\\Middleware\\StartSession->handle(Object(Illuminate\\Http\\Request), Object(Closure))
#57 C:\\laragon\\www\\Personal\\backend-myapp-v2\\vendor\\laravel\\framework\\src\\Illuminate\\Cookie\\Middleware\\AddQueuedCookiesToResponse.php(37): Illuminate\\Pipeline\\Pipeline->Illuminate\\Pipeline\\{closure}(Object(Illuminate\\Http\\Request))
#58 C:\\laragon\\www\\Personal\\backend-myapp-v2\\vendor\\laravel\\framework\\src\\Illuminate\\Pipeline\\Pipeline.php(183): Illuminate\\Cookie\\Middleware\\AddQueuedCookiesToResponse->handle(Object(Illuminate\\Http\\Request), Object(Closure))
#59 C:\\laragon\\www\\Personal\\backend-myapp-v2\\vendor\\laravel\\framework\\src\\Illuminate\\Cookie\\Middleware\\EncryptCookies.php(75): Illuminate\\Pipeline\\Pipeline->Illuminate\\Pipeline\\{closure}(Object(Illuminate\\Http\\Request))
#60 C:\\laragon\\www\\Personal\\backend-myapp-v2\\vendor\\laravel\\framework\\src\\Illuminate\\Pipeline\\Pipeline.php(183): Illuminate\\Cookie\\Middleware\\EncryptCookies->handle(Object(Illuminate\\Http\\Request), Object(Closure))
#61 C:\\laragon\\www\\Personal\\backend-myapp-v2\\vendor\\filament\\filament\\src\\Http\\Middleware\\SetUpPanel.php(19): Illuminate\\Pipeline\\Pipeline->Illuminate\\Pipeline\\{closure}(Object(Illuminate\\Http\\Request))
#62 C:\\laragon\\www\\Personal\\backend-myapp-v2\\vendor\\laravel\\framework\\src\\Illuminate\\Pipeline\\Pipeline.php(183): Filament\\Http\\Middleware\\SetUpPanel->handle(Object(Illuminate\\Http\\Request), Object(Closure), Object(Filament\\Panel))
#63 C:\\laragon\\www\\Personal\\backend-myapp-v2\\vendor\\laravel\\framework\\src\\Illuminate\\Pipeline\\Pipeline.php(119): Illuminate\\Pipeline\\Pipeline->Illuminate\\Pipeline\\{closure}(Object(Illuminate\\Http\\Request))
#64 C:\\laragon\\www\\Personal\\backend-myapp-v2\\vendor\\laravel\\framework\\src\\Illuminate\\Routing\\Router.php(807): Illuminate\\Pipeline\\Pipeline->then(Object(Closure))
#65 C:\\laragon\\www\\Personal\\backend-myapp-v2\\vendor\\laravel\\framework\\src\\Illuminate\\Routing\\Router.php(786): Illuminate\\Routing\\Router->runRouteWithinStack(Object(Illuminate\\Routing\\Route), Object(Illuminate\\Http\\Request))
#66 C:\\laragon\\www\\Personal\\backend-myapp-v2\\vendor\\laravel\\framework\\src\\Illuminate\\Routing\\Router.php(750): Illuminate\\Routing\\Router->runRoute(Object(Illuminate\\Http\\Request), Object(Illuminate\\Routing\\Route))
#67 C:\\laragon\\www\\Personal\\backend-myapp-v2\\vendor\\laravel\\framework\\src\\Illuminate\\Routing\\Router.php(739): Illuminate\\Routing\\Router->dispatchToRoute(Object(Illuminate\\Http\\Request))
#68 C:\\laragon\\www\\Personal\\backend-myapp-v2\\vendor\\laravel\\framework\\src\\Illuminate\\Foundation\\Http\\Kernel.php(201): Illuminate\\Routing\\Router->dispatch(Object(Illuminate\\Http\\Request))
#69 C:\\laragon\\www\\Personal\\backend-myapp-v2\\vendor\\laravel\\framework\\src\\Illuminate\\Pipeline\\Pipeline.php(144): Illuminate\\Foundation\\Http\\Kernel->Illuminate\\Foundation\\Http\\{closure}(Object(Illuminate\\Http\\Request))
#70 C:\\laragon\\www\\Personal\\backend-myapp-v2\\vendor\\livewire\\livewire\\src\\Features\\SupportDisablingBackButtonCache\\DisableBackButtonCacheMiddleware.php(19): Illuminate\\Pipeline\\Pipeline->Illuminate\\Pipeline\\{closure}(Object(Illuminate\\Http\\Request))
#71 C:\\laragon\\www\\Personal\\backend-myapp-v2\\vendor\\laravel\\framework\\src\\Illuminate\\Pipeline\\Pipeline.php(183): Livewire\\Features\\SupportDisablingBackButtonCache\\DisableBackButtonCacheMiddleware->handle(Object(Illuminate\\Http\\Request), Object(Closure))
#72 C:\\laragon\\www\\Personal\\backend-myapp-v2\\vendor\\laravel\\framework\\src\\Illuminate\\Foundation\\Http\\Middleware\\TransformsRequest.php(21): Illuminate\\Pipeline\\Pipeline->Illuminate\\Pipeline\\{closure}(Object(Illuminate\\Http\\Request))
#73 C:\\laragon\\www\\Personal\\backend-myapp-v2\\vendor\\laravel\\framework\\src\\Illuminate\\Foundation\\Http\\Middleware\\ConvertEmptyStringsToNull.php(31): Illuminate\\Foundation\\Http\\Middleware\\TransformsRequest->handle(Object(Illuminate\\Http\\Request), Object(Closure))
#74 C:\\laragon\\www\\Personal\\backend-myapp-v2\\vendor\\laravel\\framework\\src\\Illuminate\\Pipeline\\Pipeline.php(183): Illuminate\\Foundation\\Http\\Middleware\\ConvertEmptyStringsToNull->handle(Object(Illuminate\\Http\\Request), Object(Closure))
#75 C:\\laragon\\www\\Personal\\backend-myapp-v2\\vendor\\laravel\\framework\\src\\Illuminate\\Foundation\\Http\\Middleware\\TransformsRequest.php(21): Illuminate\\Pipeline\\Pipeline->Illuminate\\Pipeline\\{closure}(Object(Illuminate\\Http\\Request))
#76 C:\\laragon\\www\\Personal\\backend-myapp-v2\\vendor\\laravel\\framework\\src\\Illuminate\\Foundation\\Http\\Middleware\\TrimStrings.php(51): Illuminate\\Foundation\\Http\\Middleware\\TransformsRequest->handle(Object(Illuminate\\Http\\Request), Object(Closure))
#77 C:\\laragon\\www\\Personal\\backend-myapp-v2\\vendor\\laravel\\framework\\src\\Illuminate\\Pipeline\\Pipeline.php(183): Illuminate\\Foundation\\Http\\Middleware\\TrimStrings->handle(Object(Illuminate\\Http\\Request), Object(Closure))
#78 C:\\laragon\\www\\Personal\\backend-myapp-v2\\vendor\\laravel\\framework\\src\\Illuminate\\Http\\Middleware\\ValidatePostSize.php(27): Illuminate\\Pipeline\\Pipeline->Illuminate\\Pipeline\\{closure}(Object(Illuminate\\Http\\Request))
#79 C:\\laragon\\www\\Personal\\backend-myapp-v2\\vendor\\laravel\\framework\\src\\Illuminate\\Pipeline\\Pipeline.php(183): Illuminate\\Http\\Middleware\\ValidatePostSize->handle(Object(Illuminate\\Http\\Request), Object(Closure))
#80 C:\\laragon\\www\\Personal\\backend-myapp-v2\\vendor\\laravel\\framework\\src\\Illuminate\\Foundation\\Http\\Middleware\\PreventRequestsDuringMaintenance.php(110): Illuminate\\Pipeline\\Pipeline->Illuminate\\Pipeline\\{closure}(Object(Illuminate\\Http\\Request))
#81 C:\\laragon\\www\\Personal\\backend-myapp-v2\\vendor\\laravel\\framework\\src\\Illuminate\\Pipeline\\Pipeline.php(183): Illuminate\\Foundation\\Http\\Middleware\\PreventRequestsDuringMaintenance->handle(Object(Illuminate\\Http\\Request), Object(Closure))
#82 C:\\laragon\\www\\Personal\\backend-myapp-v2\\vendor\\laravel\\framework\\src\\Illuminate\\Http\\Middleware\\HandleCors.php(49): Illuminate\\Pipeline\\Pipeline->Illuminate\\Pipeline\\{closure}(Object(Illuminate\\Http\\Request))
#83 C:\\laragon\\www\\Personal\\backend-myapp-v2\\vendor\\laravel\\framework\\src\\Illuminate\\Pipeline\\Pipeline.php(183): Illuminate\\Http\\Middleware\\HandleCors->handle(Object(Illuminate\\Http\\Request), Object(Closure))
#84 C:\\laragon\\www\\Personal\\backend-myapp-v2\\vendor\\laravel\\framework\\src\\Illuminate\\Http\\Middleware\\TrustProxies.php(57): Illuminate\\Pipeline\\Pipeline->Illuminate\\Pipeline\\{closure}(Object(Illuminate\\Http\\Request))
#85 C:\\laragon\\www\\Personal\\backend-myapp-v2\\vendor\\laravel\\framework\\src\\Illuminate\\Pipeline\\Pipeline.php(183): Illuminate\\Http\\Middleware\\TrustProxies->handle(Object(Illuminate\\Http\\Request), Object(Closure))
#86 C:\\laragon\\www\\Personal\\backend-myapp-v2\\vendor\\laravel\\framework\\src\\Illuminate\\Pipeline\\Pipeline.php(119): Illuminate\\Pipeline\\Pipeline->Illuminate\\Pipeline\\{closure}(Object(Illuminate\\Http\\Request))
#87 C:\\laragon\\www\\Personal\\backend-myapp-v2\\vendor\\laravel\\framework\\src\\Illuminate\\Foundation\\Http\\Kernel.php(176): Illuminate\\Pipeline\\Pipeline->then(Object(Closure))
#88 C:\\laragon\\www\\Personal\\backend-myapp-v2\\vendor\\laravel\\framework\\src\\Illuminate\\Foundation\\Http\\Kernel.php(145): Illuminate\\Foundation\\Http\\Kernel->sendRequestThroughRouter(Object(Illuminate\\Http\\Request))
#89 C:\\laragon\\www\\Personal\\backend-myapp-v2\\vendor\\laravel\\framework\\src\\Illuminate\\Foundation\\Application.php(1188): Illuminate\\Foundation\\Http\\Kernel->handle(Object(Illuminate\\Http\\Request))
#90 C:\\laragon\\www\\Personal\\backend-myapp-v2\\public\\index.php(17): Illuminate\\Foundation\\Application->handleRequest(Object(Illuminate\\Http\\Request))
#91 C:\\laragon\\www\\Personal\\backend-myapp-v2\\vendor\\laravel\\framework\\src\\Illuminate\\Foundation\\resources\\server.php(23): require_once('C:\\\\laragon\\\\www\\\\...')
#92 {main}

[previous exception] [object] (TypeError(code: 0): Filament\\Forms\\Components\\Select::getOptions(): Return value must be of type array, string returned at C:\\laragon\\www\\Personal\\backend-myapp-v2\\vendor\\filament\\forms\\src\\Components\\Concerns\\HasOptions.php:57)
[stacktrace]
#0 C:\\laragon\\www\\Personal\\backend-myapp-v2\\storage\\framework\\views\\0c0c8683f5f15315cd67d449bfe75e1e.php(77): Filament\\Forms\\Components\\Select->getOptions()
#1 C:\\laragon\\www\\Personal\\backend-myapp-v2\\vendor\\livewire\\livewire\\src\\Mechanisms\\ExtendBlade\\ExtendedCompilerEngine.php(37): include('C:\\\\laragon\\\\www\\\\...')
#2 C:\\laragon\\www\\Personal\\backend-myapp-v2\\vendor\\livewire\\livewire\\src\\Mechanisms\\ExtendBlade\\ExtendedCompilerEngine.php(38): App\\Filament\\Resources\\ArchivementResource\\Pages\\CreateArchivement->Livewire\\Mechanisms\\ExtendBlade\\{closure}()
#3 C:\\laragon\\www\\Personal\\backend-myapp-v2\\vendor\\laravel\\framework\\src\\Illuminate\\View\\Engines\\CompilerEngine.php(73): Livewire\\Mechanisms\\ExtendBlade\\ExtendedCompilerEngine->evaluatePath('C:\\\\laragon\\\\www\\\\...', Array)
#4 C:\\laragon\\www\\Personal\\backend-myapp-v2\\vendor\\livewire\\livewire\\src\\Mechanisms\\ExtendBlade\\ExtendedCompilerEngine.php(16): Illuminate\\View\\Engines\\CompilerEngine->get('C:\\\\laragon\\\\www\\\\...', Array)
#5 C:\\laragon\\www\\Personal\\backend-myapp-v2\\vendor\\laravel\\framework\\src\\Illuminate\\View\\View.php(208): Livewire\\Mechanisms\\ExtendBlade\\ExtendedCompilerEngine->get('C:\\\\laragon\\\\www\\\\...', Array)
#6 C:\\laragon\\www\\Personal\\backend-myapp-v2\\vendor\\laravel\\framework\\src\\Illuminate\\View\\View.php(191): Illuminate\\View\\View->getContents()
#7 C:\\laragon\\www\\Personal\\backend-myapp-v2\\vendor\\laravel\\framework\\src\\Illuminate\\View\\View.php(160): Illuminate\\View\\View->renderContents()
#8 C:\\laragon\\www\\Personal\\backend-myapp-v2\\vendor\\filament\\support\\src\\Components\\ViewComponent.php(106): Illuminate\\View\\View->render()
#9 C:\\laragon\\www\\Personal\\backend-myapp-v2\\vendor\\laravel\\framework\\src\\Illuminate\\Support\\helpers.php(128): Filament\\Support\\Components\\ViewComponent->toHtml()
#10 C:\\laragon\\www\\Personal\\backend-myapp-v2\\storage\\framework\\views\\f1710d46785193549cb34f7f9e9aa42e.php(140): e(Object(Filament\\Forms\\Components\\Select))
#11 C:\\laragon\\www\\Personal\\backend-myapp-v2\\vendor\\livewire\\livewire\\src\\Mechanisms\\ExtendBlade\\ExtendedCompilerEngine.php(37): include('C:\\\\laragon\\\\www\\\\...')
#12 C:\\laragon\\www\\Personal\\backend-myapp-v2\\vendor\\livewire\\livewire\\src\\Mechanisms\\ExtendBlade\\ExtendedCompilerEngine.php(38): App\\Filament\\Resources\\ArchivementResource\\Pages\\CreateArchivement->Livewire\\Mechanisms\\ExtendBlade\\{closure}()
#13 C:\\laragon\\www\\Personal\\backend-myapp-v2\\vendor\\laravel\\framework\\src\\Illuminate\\View\\Engines\\CompilerEngine.php(73): Livewire\\Mechanisms\\ExtendBlade\\ExtendedCompilerEngine->evaluatePath('C:\\\\laragon\\\\www\\\\...', Array)
#14 C:\\laragon\\www\\Personal\\backend-myapp-v2\\vendor\\livewire\\livewire\\src\\Mechanisms\\ExtendBlade\\ExtendedCompilerEngine.php(16): Illuminate\\View\\Engines\\CompilerEngine->get('C:\\\\laragon\\\\www\\\\...', Array)
#15 C:\\laragon\\www\\Personal\\backend-myapp-v2\\vendor\\laravel\\framework\\src\\Illuminate\\View\\View.php(208): Livewire\\Mechanisms\\ExtendBlade\\ExtendedCompilerEngine->get('C:\\\\laragon\\\\www\\\\...', Array)
#16 C:\\laragon\\www\\Personal\\backend-myapp-v2\\vendor\\laravel\\framework\\src\\Illuminate\\View\\View.php(191): Illuminate\\View\\View->getContents()
#17 C:\\laragon\\www\\Personal\\backend-myapp-v2\\vendor\\laravel\\framework\\src\\Illuminate\\View\\View.php(160): Illuminate\\View\\View->renderContents()
#18 C:\\laragon\\www\\Personal\\backend-myapp-v2\\vendor\\filament\\support\\src\\Components\\ViewComponent.php(106): Illuminate\\View\\View->render()
#19 C:\\laragon\\www\\Personal\\backend-myapp-v2\\vendor\\laravel\\framework\\src\\Illuminate\\Support\\helpers.php(128): Filament\\Support\\Components\\ViewComponent->toHtml()
#20 C:\\laragon\\www\\Personal\\backend-myapp-v2\\storage\\framework\\views\\960d6330af54988301e7919008ef5975.php(27): e(Object(Filament\\Forms\\Form))
#21 C:\\laragon\\www\\Personal\\backend-myapp-v2\\vendor\\livewire\\livewire\\src\\Mechanisms\\ExtendBlade\\ExtendedCompilerEngine.php(37): include('C:\\\\laragon\\\\www\\\\...')
#22 C:\\laragon\\www\\Personal\\backend-myapp-v2\\vendor\\livewire\\livewire\\src\\Mechanisms\\ExtendBlade\\ExtendedCompilerEngine.php(38): App\\Filament\\Resources\\ArchivementResource\\Pages\\CreateArchivement->Livewire\\Mechanisms\\ExtendBlade\\{closure}()
#23 C:\\laragon\\www\\Personal\\backend-myapp-v2\\vendor\\laravel\\framework\\src\\Illuminate\\View\\Engines\\CompilerEngine.php(73): Livewire\\Mechanisms\\ExtendBlade\\ExtendedCompilerEngine->evaluatePath('C:\\\\laragon\\\\www\\\\...', Array)
#24 C:\\laragon\\www\\Personal\\backend-myapp-v2\\vendor\\livewire\\livewire\\src\\Mechanisms\\ExtendBlade\\ExtendedCompilerEngine.php(16): Illuminate\\View\\Engines\\CompilerEngine->get('C:\\\\laragon\\\\www\\\\...', Array)
#25 C:\\laragon\\www\\Personal\\backend-myapp-v2\\vendor\\laravel\\framework\\src\\Illuminate\\View\\View.php(208): Livewire\\Mechanisms\\ExtendBlade\\ExtendedCompilerEngine->get('C:\\\\laragon\\\\www\\\\...', Array)
#26 C:\\laragon\\www\\Personal\\backend-myapp-v2\\vendor\\laravel\\framework\\src\\Illuminate\\View\\View.php(191): Illuminate\\View\\View->getContents()
#27 C:\\laragon\\www\\Personal\\backend-myapp-v2\\vendor\\laravel\\framework\\src\\Illuminate\\View\\View.php(160): Illuminate\\View\\View->renderContents()
#28 C:\\laragon\\www\\Personal\\backend-myapp-v2\\vendor\\livewire\\livewire\\src\\Mechanisms\\HandleComponents\\HandleComponents.php(241): Illuminate\\View\\View->render(Object(Closure))
#29 C:\\laragon\\www\\Personal\\backend-myapp-v2\\vendor\\livewire\\livewire\\src\\Mechanisms\\HandleComponents\\HandleComponents.php(285): Livewire\\Mechanisms\\HandleComponents\\HandleComponents->Livewire\\Mechanisms\\HandleComponents\\{closure}()
#30 C:\\laragon\\www\\Personal\\backend-myapp-v2\\vendor\\livewire\\livewire\\src\\Mechanisms\\HandleComponents\\HandleComponents.php(233): Livewire\\Mechanisms\\HandleComponents\\HandleComponents->trackInRenderStack(Object(App\\Filament\\Resources\\ArchivementResource\\Pages\\CreateArchivement), Object(Closure))
#31 C:\\laragon\\www\\Personal\\backend-myapp-v2\\vendor\\livewire\\livewire\\src\\Mechanisms\\HandleComponents\\HandleComponents.php(54): Livewire\\Mechanisms\\HandleComponents\\HandleComponents->render(Object(App\\Filament\\Resources\\ArchivementResource\\Pages\\CreateArchivement), '<div></div>')
#32 C:\\laragon\\www\\Personal\\backend-myapp-v2\\vendor\\livewire\\livewire\\src\\LivewireManager.php(73): Livewire\\Mechanisms\\HandleComponents\\HandleComponents->mount('App\\\\Filament\\\\Re...', Array, NULL)
#33 C:\\laragon\\www\\Personal\\backend-myapp-v2\\vendor\\livewire\\livewire\\src\\Features\\SupportPageComponents\\HandlesPageComponents.php(17): Livewire\\LivewireManager->mount('App\\\\Filament\\\\Re...', Array)
#34 C:\\laragon\\www\\Personal\\backend-myapp-v2\\vendor\\livewire\\livewire\\src\\Features\\SupportPageComponents\\SupportPageComponents.php(117): Livewire\\Component->Livewire\\Features\\SupportPageComponents\\{closure}()
#35 C:\\laragon\\www\\Personal\\backend-myapp-v2\\vendor\\livewire\\livewire\\src\\Features\\SupportPageComponents\\HandlesPageComponents.php(14): Livewire\\Features\\SupportPageComponents\\SupportPageComponents::interceptTheRenderOfTheComponentAndRetreiveTheLayoutConfiguration(Object(Closure))
#36 C:\\laragon\\www\\Personal\\backend-myapp-v2\\vendor\\laravel\\framework\\src\\Illuminate\\Routing\\ControllerDispatcher.php(46): Livewire\\Component->__invoke()
#37 C:\\laragon\\www\\Personal\\backend-myapp-v2\\vendor\\laravel\\framework\\src\\Illuminate\\Routing\\Route.php(260): Illuminate\\Routing\\ControllerDispatcher->dispatch(Object(Illuminate\\Routing\\Route), Object(App\\Filament\\Resources\\ArchivementResource\\Pages\\CreateArchivement), '__invoke')
#38 C:\\laragon\\www\\Personal\\backend-myapp-v2\\vendor\\laravel\\framework\\src\\Illuminate\\Routing\\Route.php(206): Illuminate\\Routing\\Route->runController()
#39 C:\\laragon\\www\\Personal\\backend-myapp-v2\\vendor\\laravel\\framework\\src\\Illuminate\\Routing\\Router.php(808): Illuminate\\Routing\\Route->run()
#40 C:\\laragon\\www\\Personal\\backend-myapp-v2\\vendor\\laravel\\framework\\src\\Illuminate\\Pipeline\\Pipeline.php(144): Illuminate\\Routing\\Router->Illuminate\\Routing\\{closure}(Object(Illuminate\\Http\\Request))
#41 C:\\laragon\\www\\Personal\\backend-myapp-v2\\vendor\\filament\\filament\\src\\Http\\Middleware\\DispatchServingFilamentEvent.php(15): Illuminate\\Pipeline\\Pipeline->Illuminate\\Pipeline\\{closure}(Object(Illuminate\\Http\\Request))
#42 C:\\laragon\\www\\Personal\\backend-myapp-v2\\vendor\\laravel\\framework\\src\\Illuminate\\Pipeline\\Pipeline.php(183): Filament\\Http\\Middleware\\DispatchServingFilamentEvent->handle(Object(Illuminate\\Http\\Request), Object(Closure))
#43 C:\\laragon\\www\\Personal\\backend-myapp-v2\\vendor\\filament\\filament\\src\\Http\\Middleware\\DisableBladeIconComponents.php(14): Illuminate\\Pipeline\\Pipeline->Illuminate\\Pipeline\\{closure}(Object(Illuminate\\Http\\Request))
#44 C:\\laragon\\www\\Personal\\backend-myapp-v2\\vendor\\laravel\\framework\\src\\Illuminate\\Pipeline\\Pipeline.php(183): Filament\\Http\\Middleware\\DisableBladeIconComponents->handle(Object(Illuminate\\Http\\Request), Object(Closure))
#45 C:\\laragon\\www\\Personal\\backend-myapp-v2\\vendor\\laravel\\framework\\src\\Illuminate\\Routing\\Middleware\\SubstituteBindings.php(51): Illuminate\\Pipeline\\Pipeline->Illuminate\\Pipeline\\{closure}(Object(Illuminate\\Http\\Request))
#46 C:\\laragon\\www\\Personal\\backend-myapp-v2\\vendor\\laravel\\framework\\src\\Illuminate\\Pipeline\\Pipeline.php(183): Illuminate\\Routing\\Middleware\\SubstituteBindings->handle(Object(Illuminate\\Http\\Request), Object(Closure))
#47 C:\\laragon\\www\\Personal\\backend-myapp-v2\\vendor\\laravel\\framework\\src\\Illuminate\\Foundation\\Http\\Middleware\\VerifyCsrfToken.php(88): Illuminate\\Pipeline\\Pipeline->Illuminate\\Pipeline\\{closure}(Object(Illuminate\\Http\\Request))
#48 C:\\laragon\\www\\Personal\\backend-myapp-v2\\vendor\\laravel\\framework\\src\\Illuminate\\Pipeline\\Pipeline.php(183): Illuminate\\Foundation\\Http\\Middleware\\VerifyCsrfToken->handle(Object(Illuminate\\Http\\Request), Object(Closure))
#49 C:\\laragon\\www\\Personal\\backend-myapp-v2\\vendor\\laravel\\framework\\src\\Illuminate\\Session\\Middleware\\AuthenticateSession.php(67): Illuminate\\Pipeline\\Pipeline->Illuminate\\Pipeline\\{closure}(Object(Illuminate\\Http\\Request))
#50 C:\\laragon\\www\\Personal\\backend-myapp-v2\\vendor\\laravel\\framework\\src\\Illuminate\\Pipeline\\Pipeline.php(183): Illuminate\\Session\\Middleware\\AuthenticateSession->handle(Object(Illuminate\\Http\\Request), Object(Closure))
#51 C:\\laragon\\www\\Personal\\backend-myapp-v2\\vendor\\laravel\\framework\\src\\Illuminate\\Auth\\Middleware\\Authenticate.php(64): Illuminate\\Pipeline\\Pipeline->Illuminate\\Pipeline\\{closure}(Object(Illuminate\\Http\\Request))
#52 C:\\laragon\\www\\Personal\\backend-myapp-v2\\vendor\\laravel\\framework\\src\\Illuminate\\Pipeline\\Pipeline.php(183): Illuminate\\Auth\\Middleware\\Authenticate->handle(Object(Illuminate\\Http\\Request), Object(Closure))
#53 C:\\laragon\\www\\Personal\\backend-myapp-v2\\vendor\\laravel\\framework\\src\\Illuminate\\View\\Middleware\\ShareErrorsFromSession.php(49): Illuminate\\Pipeline\\Pipeline->Illuminate\\Pipeline\\{closure}(Object(Illuminate\\Http\\Request))
#54 C:\\laragon\\www\\Personal\\backend-myapp-v2\\vendor\\laravel\\framework\\src\\Illuminate\\Pipeline\\Pipeline.php(183): Illuminate\\View\\Middleware\\ShareErrorsFromSession->handle(Object(Illuminate\\Http\\Request), Object(Closure))
#55 C:\\laragon\\www\\Personal\\backend-myapp-v2\\vendor\\laravel\\framework\\src\\Illuminate\\Session\\Middleware\\StartSession.php(121): Illuminate\\Pipeline\\Pipeline->Illuminate\\Pipeline\\{closure}(Object(Illuminate\\Http\\Request))
#56 C:\\laragon\\www\\Personal\\backend-myapp-v2\\vendor\\laravel\\framework\\src\\Illuminate\\Session\\Middleware\\StartSession.php(64): Illuminate\\Session\\Middleware\\StartSession->handleStatefulRequest(Object(Illuminate\\Http\\Request), Object(Illuminate\\Session\\Store), Object(Closure))
#57 C:\\laragon\\www\\Personal\\backend-myapp-v2\\vendor\\laravel\\framework\\src\\Illuminate\\Pipeline\\Pipeline.php(183): Illuminate\\Session\\Middleware\\StartSession->handle(Object(Illuminate\\Http\\Request), Object(Closure))
#58 C:\\laragon\\www\\Personal\\backend-myapp-v2\\vendor\\laravel\\framework\\src\\Illuminate\\Cookie\\Middleware\\AddQueuedCookiesToResponse.php(37): Illuminate\\Pipeline\\Pipeline->Illuminate\\Pipeline\\{closure}(Object(Illuminate\\Http\\Request))
#59 C:\\laragon\\www\\Personal\\backend-myapp-v2\\vendor\\laravel\\framework\\src\\Illuminate\\Pipeline\\Pipeline.php(183): Illuminate\\Cookie\\Middleware\\AddQueuedCookiesToResponse->handle(Object(Illuminate\\Http\\Request), Object(Closure))
#60 C:\\laragon\\www\\Personal\\backend-myapp-v2\\vendor\\laravel\\framework\\src\\Illuminate\\Cookie\\Middleware\\EncryptCookies.php(75): Illuminate\\Pipeline\\Pipeline->Illuminate\\Pipeline\\{closure}(Object(Illuminate\\Http\\Request))
#61 C:\\laragon\\www\\Personal\\backend-myapp-v2\\vendor\\laravel\\framework\\src\\Illuminate\\Pipeline\\Pipeline.php(183): Illuminate\\Cookie\\Middleware\\EncryptCookies->handle(Object(Illuminate\\Http\\Request), Object(Closure))
#62 C:\\laragon\\www\\Personal\\backend-myapp-v2\\vendor\\filament\\filament\\src\\Http\\Middleware\\SetUpPanel.php(19): Illuminate\\Pipeline\\Pipeline->Illuminate\\Pipeline\\{closure}(Object(Illuminate\\Http\\Request))
#63 C:\\laragon\\www\\Personal\\backend-myapp-v2\\vendor\\laravel\\framework\\src\\Illuminate\\Pipeline\\Pipeline.php(183): Filament\\Http\\Middleware\\SetUpPanel->handle(Object(Illuminate\\Http\\Request), Object(Closure), Object(Filament\\Panel))
#64 C:\\laragon\\www\\Personal\\backend-myapp-v2\\vendor\\laravel\\framework\\src\\Illuminate\\Pipeline\\Pipeline.php(119): Illuminate\\Pipeline\\Pipeline->Illuminate\\Pipeline\\{closure}(Object(Illuminate\\Http\\Request))
#65 C:\\laragon\\www\\Personal\\backend-myapp-v2\\vendor\\laravel\\framework\\src\\Illuminate\\Routing\\Router.php(807): Illuminate\\Pipeline\\Pipeline->then(Object(Closure))
#66 C:\\laragon\\www\\Personal\\backend-myapp-v2\\vendor\\laravel\\framework\\src\\Illuminate\\Routing\\Router.php(786): Illuminate\\Routing\\Router->runRouteWithinStack(Object(Illuminate\\Routing\\Route), Object(Illuminate\\Http\\Request))
#67 C:\\laragon\\www\\Personal\\backend-myapp-v2\\vendor\\laravel\\framework\\src\\Illuminate\\Routing\\Router.php(750): Illuminate\\Routing\\Router->runRoute(Object(Illuminate\\Http\\Request), Object(Illuminate\\Routing\\Route))
#68 C:\\laragon\\www\\Personal\\backend-myapp-v2\\vendor\\laravel\\framework\\src\\Illuminate\\Routing\\Router.php(739): Illuminate\\Routing\\Router->dispatchToRoute(Object(Illuminate\\Http\\Request))
#69 C:\\laragon\\www\\Personal\\backend-myapp-v2\\vendor\\laravel\\framework\\src\\Illuminate\\Foundation\\Http\\Kernel.php(201): Illuminate\\Routing\\Router->dispatch(Object(Illuminate\\Http\\Request))
#70 C:\\laragon\\www\\Personal\\backend-myapp-v2\\vendor\\laravel\\framework\\src\\Illuminate\\Pipeline\\Pipeline.php(144): Illuminate\\Foundation\\Http\\Kernel->Illuminate\\Foundation\\Http\\{closure}(Object(Illuminate\\Http\\Request))
#71 C:\\laragon\\www\\Personal\\backend-myapp-v2\\vendor\\livewire\\livewire\\src\\Features\\SupportDisablingBackButtonCache\\DisableBackButtonCacheMiddleware.php(19): Illuminate\\Pipeline\\Pipeline->Illuminate\\Pipeline\\{closure}(Object(Illuminate\\Http\\Request))
#72 C:\\laragon\\www\\Personal\\backend-myapp-v2\\vendor\\laravel\\framework\\src\\Illuminate\\Pipeline\\Pipeline.php(183): Livewire\\Features\\SupportDisablingBackButtonCache\\DisableBackButtonCacheMiddleware->handle(Object(Illuminate\\Http\\Request), Object(Closure))
#73 C:\\laragon\\www\\Personal\\backend-myapp-v2\\vendor\\laravel\\framework\\src\\Illuminate\\Foundation\\Http\\Middleware\\TransformsRequest.php(21): Illuminate\\Pipeline\\Pipeline->Illuminate\\Pipeline\\{closure}(Object(Illuminate\\Http\\Request))
#74 C:\\laragon\\www\\Personal\\backend-myapp-v2\\vendor\\laravel\\framework\\src\\Illuminate\\Foundation\\Http\\Middleware\\ConvertEmptyStringsToNull.php(31): Illuminate\\Foundation\\Http\\Middleware\\TransformsRequest->handle(Object(Illuminate\\Http\\Request), Object(Closure))
#75 C:\\laragon\\www\\Personal\\backend-myapp-v2\\vendor\\laravel\\framework\\src\\Illuminate\\Pipeline\\Pipeline.php(183): Illuminate\\Foundation\\Http\\Middleware\\ConvertEmptyStringsToNull->handle(Object(Illuminate\\Http\\Request), Object(Closure))
#76 C:\\laragon\\www\\Personal\\backend-myapp-v2\\vendor\\laravel\\framework\\src\\Illuminate\\Foundation\\Http\\Middleware\\TransformsRequest.php(21): Illuminate\\Pipeline\\Pipeline->Illuminate\\Pipeline\\{closure}(Object(Illuminate\\Http\\Request))
#77 C:\\laragon\\www\\Personal\\backend-myapp-v2\\vendor\\laravel\\framework\\src\\Illuminate\\Foundation\\Http\\Middleware\\TrimStrings.php(51): Illuminate\\Foundation\\Http\\Middleware\\TransformsRequest->handle(Object(Illuminate\\Http\\Request), Object(Closure))
#78 C:\\laragon\\www\\Personal\\backend-myapp-v2\\vendor\\laravel\\framework\\src\\Illuminate\\Pipeline\\Pipeline.php(183): Illuminate\\Foundation\\Http\\Middleware\\TrimStrings->handle(Object(Illuminate\\Http\\Request), Object(Closure))
#79 C:\\laragon\\www\\Personal\\backend-myapp-v2\\vendor\\laravel\\framework\\src\\Illuminate\\Http\\Middleware\\ValidatePostSize.php(27): Illuminate\\Pipeline\\Pipeline->Illuminate\\Pipeline\\{closure}(Object(Illuminate\\Http\\Request))
#80 C:\\laragon\\www\\Personal\\backend-myapp-v2\\vendor\\laravel\\framework\\src\\Illuminate\\Pipeline\\Pipeline.php(183): Illuminate\\Http\\Middleware\\ValidatePostSize->handle(Object(Illuminate\\Http\\Request), Object(Closure))
#81 C:\\laragon\\www\\Personal\\backend-myapp-v2\\vendor\\laravel\\framework\\src\\Illuminate\\Foundation\\Http\\Middleware\\PreventRequestsDuringMaintenance.php(110): Illuminate\\Pipeline\\Pipeline->Illuminate\\Pipeline\\{closure}(Object(Illuminate\\Http\\Request))
#82 C:\\laragon\\www\\Personal\\backend-myapp-v2\\vendor\\laravel\\framework\\src\\Illuminate\\Pipeline\\Pipeline.php(183): Illuminate\\Foundation\\Http\\Middleware\\PreventRequestsDuringMaintenance->handle(Object(Illuminate\\Http\\Request), Object(Closure))
#83 C:\\laragon\\www\\Personal\\backend-myapp-v2\\vendor\\laravel\\framework\\src\\Illuminate\\Http\\Middleware\\HandleCors.php(49): Illuminate\\Pipeline\\Pipeline->Illuminate\\Pipeline\\{closure}(Object(Illuminate\\Http\\Request))
#84 C:\\laragon\\www\\Personal\\backend-myapp-v2\\vendor\\laravel\\framework\\src\\Illuminate\\Pipeline\\Pipeline.php(183): Illuminate\\Http\\Middleware\\HandleCors->handle(Object(Illuminate\\Http\\Request), Object(Closure))
#85 C:\\laragon\\www\\Personal\\backend-myapp-v2\\vendor\\laravel\\framework\\src\\Illuminate\\Http\\Middleware\\TrustProxies.php(57): Illuminate\\Pipeline\\Pipeline->Illuminate\\Pipeline\\{closure}(Object(Illuminate\\Http\\Request))
#86 C:\\laragon\\www\\Personal\\backend-myapp-v2\\vendor\\laravel\\framework\\src\\Illuminate\\Pipeline\\Pipeline.php(183): Illuminate\\Http\\Middleware\\TrustProxies->handle(Object(Illuminate\\Http\\Request), Object(Closure))
#87 C:\\laragon\\www\\Personal\\backend-myapp-v2\\vendor\\laravel\\framework\\src\\Illuminate\\Pipeline\\Pipeline.php(119): Illuminate\\Pipeline\\Pipeline->Illuminate\\Pipeline\\{closure}(Object(Illuminate\\Http\\Request))
#88 C:\\laragon\\www\\Personal\\backend-myapp-v2\\vendor\\laravel\\framework\\src\\Illuminate\\Foundation\\Http\\Kernel.php(176): Illuminate\\Pipeline\\Pipeline->then(Object(Closure))
#89 C:\\laragon\\www\\Personal\\backend-myapp-v2\\vendor\\laravel\\framework\\src\\Illuminate\\Foundation\\Http\\Kernel.php(145): Illuminate\\Foundation\\Http\\Kernel->sendRequestThroughRouter(Object(Illuminate\\Http\\Request))
#90 C:\\laragon\\www\\Personal\\backend-myapp-v2\\vendor\\laravel\\framework\\src\\Illuminate\\Foundation\\Application.php(1188): Illuminate\\Foundation\\Http\\Kernel->handle(Object(Illuminate\\Http\\Request))
#91 C:\\laragon\\www\\Personal\\backend-myapp-v2\\public\\index.php(17): Illuminate\\Foundation\\Application->handleRequest(Object(Illuminate\\Http\\Request))
#92 C:\\laragon\\www\\Personal\\backend-myapp-v2\\vendor\\laravel\\framework\\src\\Illuminate\\Foundation\\resources\\server.php(23): require_once('C:\\\\laragon\\\\www\\\\...')
#93 {main}
"} 
[2025-01-05 09:55:43] local.ERROR: Required @OA\PathItem() not found {"exception":"[object] (ErrorException(code: 0): Required @OA\\PathItem() not found at C:\\laragon\\www\\Personal\\backend-myapp-v2\\vendor\\zircote\\swagger-php\\src\\Loggers\\DefaultLogger.php:31)
[stacktrace]
#0 C:\\laragon\\www\\Personal\\backend-myapp-v2\\vendor\\laravel\\framework\\src\\Illuminate\\Foundation\\Bootstrap\\HandleExceptions.php(256): Illuminate\\Foundation\\Bootstrap\\HandleExceptions->handleError(512, 'Required @OA\\\\Pa...', 'C:\\\\laragon\\\\www\\\\...', 31)
#1 [internal function]: Illuminate\\Foundation\\Bootstrap\\HandleExceptions->Illuminate\\Foundation\\Bootstrap\\{closure}(512, 'Required @OA\\\\Pa...', 'C:\\\\laragon\\\\www\\\\...', 31)
#2 C:\\laragon\\www\\Personal\\backend-myapp-v2\\vendor\\zircote\\swagger-php\\src\\Loggers\\DefaultLogger.php(31): trigger_error('Required @OA\\\\Pa...', 512)
#3 C:\\laragon\\www\\Personal\\backend-myapp-v2\\vendor\\psr\\log\\src\\LoggerTrait.php(86): OpenApi\\Loggers\\DefaultLogger->log('warning', 'Required @OA\\\\Pa...', Array)
#4 C:\\laragon\\www\\Personal\\backend-myapp-v2\\vendor\\zircote\\swagger-php\\src\\Annotations\\OpenApi.php(157): Psr\\Log\\AbstractLogger->warning('Required @OA\\\\Pa...')
#5 C:\\laragon\\www\\Personal\\backend-myapp-v2\\vendor\\zircote\\swagger-php\\src\\Analysis.php(440): OpenApi\\Annotations\\OpenApi->validate()
#6 C:\\laragon\\www\\Personal\\backend-myapp-v2\\vendor\\zircote\\swagger-php\\src\\Generator.php(511): OpenApi\\Analysis->validate()
#7 C:\\laragon\\www\\Personal\\backend-myapp-v2\\vendor\\darkaonline\\l5-swagger\\src\\Generator.php(191): OpenApi\\Generator->generate(Object(Symfony\\Component\\Finder\\Finder), Object(OpenApi\\Analysis))
#8 C:\\laragon\\www\\Personal\\backend-myapp-v2\\vendor\\darkaonline\\l5-swagger\\src\\Generator.php(132): L5Swagger\\Generator->scanFilesForDocumentation()
#9 C:\\laragon\\www\\Personal\\backend-myapp-v2\\vendor\\darkaonline\\l5-swagger\\src\\Console\\GenerateDocsCommand.php(72): L5Swagger\\Generator->generateDocs()
#10 C:\\laragon\\www\\Personal\\backend-myapp-v2\\vendor\\darkaonline\\l5-swagger\\src\\Console\\GenerateDocsCommand.php(58): L5Swagger\\Console\\GenerateDocsCommand->generateDocumentation(Object(L5Swagger\\GeneratorFactory), 'default')
#11 C:\\laragon\\www\\Personal\\backend-myapp-v2\\vendor\\laravel\\framework\\src\\Illuminate\\Container\\BoundMethod.php(36): L5Swagger\\Console\\GenerateDocsCommand->handle(Object(L5Swagger\\GeneratorFactory))
#12 C:\\laragon\\www\\Personal\\backend-myapp-v2\\vendor\\laravel\\framework\\src\\Illuminate\\Container\\Util.php(41): Illuminate\\Container\\BoundMethod::Illuminate\\Container\\{closure}()
#13 C:\\laragon\\www\\Personal\\backend-myapp-v2\\vendor\\laravel\\framework\\src\\Illuminate\\Container\\BoundMethod.php(93): Illuminate\\Container\\Util::unwrapIfClosure(Object(Closure))
#14 C:\\laragon\\www\\Personal\\backend-myapp-v2\\vendor\\laravel\\framework\\src\\Illuminate\\Container\\BoundMethod.php(35): Illuminate\\Container\\BoundMethod::callBoundMethod(Object(Illuminate\\Foundation\\Application), Array, Object(Closure))
#15 C:\\laragon\\www\\Personal\\backend-myapp-v2\\vendor\\laravel\\framework\\src\\Illuminate\\Container\\Container.php(690): Illuminate\\Container\\BoundMethod::call(Object(Illuminate\\Foundation\\Application), Array, Array, NULL)
#16 C:\\laragon\\www\\Personal\\backend-myapp-v2\\vendor\\laravel\\framework\\src\\Illuminate\\Console\\Command.php(213): Illuminate\\Container\\Container->call(Array)
#17 C:\\laragon\\www\\Personal\\backend-myapp-v2\\vendor\\symfony\\console\\Command\\Command.php(279): Illuminate\\Console\\Command->execute(Object(Symfony\\Component\\Console\\Input\\ArgvInput), Object(Illuminate\\Console\\OutputStyle))
#18 C:\\laragon\\www\\Personal\\backend-myapp-v2\\vendor\\laravel\\framework\\src\\Illuminate\\Console\\Command.php(182): Symfony\\Component\\Console\\Command\\Command->run(Object(Symfony\\Component\\Console\\Input\\ArgvInput), Object(Illuminate\\Console\\OutputStyle))
#19 C:\\laragon\\www\\Personal\\backend-myapp-v2\\vendor\\symfony\\console\\Application.php(1047): Illuminate\\Console\\Command->run(Object(Symfony\\Component\\Console\\Input\\ArgvInput), Object(Symfony\\Component\\Console\\Output\\ConsoleOutput))
#20 C:\\laragon\\www\\Personal\\backend-myapp-v2\\vendor\\symfony\\console\\Application.php(316): Symfony\\Component\\Console\\Application->doRunCommand(Object(L5Swagger\\Console\\GenerateDocsCommand), Object(Symfony\\Component\\Console\\Input\\ArgvInput), Object(Symfony\\Component\\Console\\Output\\ConsoleOutput))
#21 C:\\laragon\\www\\Personal\\backend-myapp-v2\\vendor\\symfony\\console\\Application.php(167): Symfony\\Component\\Console\\Application->doRun(Object(Symfony\\Component\\Console\\Input\\ArgvInput), Object(Symfony\\Component\\Console\\Output\\ConsoleOutput))
#22 C:\\laragon\\www\\Personal\\backend-myapp-v2\\vendor\\laravel\\framework\\src\\Illuminate\\Foundation\\Console\\Kernel.php(197): Symfony\\Component\\Console\\Application->run(Object(Symfony\\Component\\Console\\Input\\ArgvInput), Object(Symfony\\Component\\Console\\Output\\ConsoleOutput))
#23 C:\\laragon\\www\\Personal\\backend-myapp-v2\\vendor\\laravel\\framework\\src\\Illuminate\\Foundation\\Application.php(1203): Illuminate\\Foundation\\Console\\Kernel->handle(Object(Symfony\\Component\\Console\\Input\\ArgvInput), Object(Symfony\\Component\\Console\\Output\\ConsoleOutput))
#24 C:\\laragon\\www\\Personal\\backend-myapp-v2\\artisan(13): Illuminate\\Foundation\\Application->handleCommand(Object(Symfony\\Component\\Console\\Input\\ArgvInput))
#25 {main}
"} 
[2025-01-05 10:00:56] local.ERROR: Required @OA\PathItem() not found {"exception":"[object] (ErrorException(code: 0): Required @OA\\PathItem() not found at C:\\laragon\\www\\Personal\\backend-myapp-v2\\vendor\\zircote\\swagger-php\\src\\Loggers\\DefaultLogger.php:31)
[stacktrace]
#0 C:\\laragon\\www\\Personal\\backend-myapp-v2\\vendor\\laravel\\framework\\src\\Illuminate\\Foundation\\Bootstrap\\HandleExceptions.php(256): Illuminate\\Foundation\\Bootstrap\\HandleExceptions->handleError(512, 'Required @OA\\\\Pa...', 'C:\\\\laragon\\\\www\\\\...', 31)
#1 [internal function]: Illuminate\\Foundation\\Bootstrap\\HandleExceptions->Illuminate\\Foundation\\Bootstrap\\{closure}(512, 'Required @OA\\\\Pa...', 'C:\\\\laragon\\\\www\\\\...', 31)
#2 C:\\laragon\\www\\Personal\\backend-myapp-v2\\vendor\\zircote\\swagger-php\\src\\Loggers\\DefaultLogger.php(31): trigger_error('Required @OA\\\\Pa...', 512)
#3 C:\\laragon\\www\\Personal\\backend-myapp-v2\\vendor\\psr\\log\\src\\LoggerTrait.php(86): OpenApi\\Loggers\\DefaultLogger->log('warning', 'Required @OA\\\\Pa...', Array)
#4 C:\\laragon\\www\\Personal\\backend-myapp-v2\\vendor\\zircote\\swagger-php\\src\\Annotations\\OpenApi.php(157): Psr\\Log\\AbstractLogger->warning('Required @OA\\\\Pa...')
#5 C:\\laragon\\www\\Personal\\backend-myapp-v2\\vendor\\zircote\\swagger-php\\src\\Analysis.php(440): OpenApi\\Annotations\\OpenApi->validate()
#6 C:\\laragon\\www\\Personal\\backend-myapp-v2\\vendor\\zircote\\swagger-php\\src\\Generator.php(511): OpenApi\\Analysis->validate()
#7 C:\\laragon\\www\\Personal\\backend-myapp-v2\\vendor\\darkaonline\\l5-swagger\\src\\Generator.php(191): OpenApi\\Generator->generate(Object(Symfony\\Component\\Finder\\Finder), Object(OpenApi\\Analysis))
#8 C:\\laragon\\www\\Personal\\backend-myapp-v2\\vendor\\darkaonline\\l5-swagger\\src\\Generator.php(132): L5Swagger\\Generator->scanFilesForDocumentation()
#9 C:\\laragon\\www\\Personal\\backend-myapp-v2\\vendor\\darkaonline\\l5-swagger\\src\\Console\\GenerateDocsCommand.php(72): L5Swagger\\Generator->generateDocs()
#10 C:\\laragon\\www\\Personal\\backend-myapp-v2\\vendor\\darkaonline\\l5-swagger\\src\\Console\\GenerateDocsCommand.php(58): L5Swagger\\Console\\GenerateDocsCommand->generateDocumentation(Object(L5Swagger\\GeneratorFactory), 'default')
#11 C:\\laragon\\www\\Personal\\backend-myapp-v2\\vendor\\laravel\\framework\\src\\Illuminate\\Container\\BoundMethod.php(36): L5Swagger\\Console\\GenerateDocsCommand->handle(Object(L5Swagger\\GeneratorFactory))
#12 C:\\laragon\\www\\Personal\\backend-myapp-v2\\vendor\\laravel\\framework\\src\\Illuminate\\Container\\Util.php(41): Illuminate\\Container\\BoundMethod::Illuminate\\Container\\{closure}()
#13 C:\\laragon\\www\\Personal\\backend-myapp-v2\\vendor\\laravel\\framework\\src\\Illuminate\\Container\\BoundMethod.php(93): Illuminate\\Container\\Util::unwrapIfClosure(Object(Closure))
#14 C:\\laragon\\www\\Personal\\backend-myapp-v2\\vendor\\laravel\\framework\\src\\Illuminate\\Container\\BoundMethod.php(35): Illuminate\\Container\\BoundMethod::callBoundMethod(Object(Illuminate\\Foundation\\Application), Array, Object(Closure))
#15 C:\\laragon\\www\\Personal\\backend-myapp-v2\\vendor\\laravel\\framework\\src\\Illuminate\\Container\\Container.php(690): Illuminate\\Container\\BoundMethod::call(Object(Illuminate\\Foundation\\Application), Array, Array, NULL)
#16 C:\\laragon\\www\\Personal\\backend-myapp-v2\\vendor\\laravel\\framework\\src\\Illuminate\\Console\\Command.php(213): Illuminate\\Container\\Container->call(Array)
#17 C:\\laragon\\www\\Personal\\backend-myapp-v2\\vendor\\symfony\\console\\Command\\Command.php(279): Illuminate\\Console\\Command->execute(Object(Symfony\\Component\\Console\\Input\\ArgvInput), Object(Illuminate\\Console\\OutputStyle))
#18 C:\\laragon\\www\\Personal\\backend-myapp-v2\\vendor\\laravel\\framework\\src\\Illuminate\\Console\\Command.php(182): Symfony\\Component\\Console\\Command\\Command->run(Object(Symfony\\Component\\Console\\Input\\ArgvInput), Object(Illuminate\\Console\\OutputStyle))
#19 C:\\laragon\\www\\Personal\\backend-myapp-v2\\vendor\\symfony\\console\\Application.php(1047): Illuminate\\Console\\Command->run(Object(Symfony\\Component\\Console\\Input\\ArgvInput), Object(Symfony\\Component\\Console\\Output\\ConsoleOutput))
#20 C:\\laragon\\www\\Personal\\backend-myapp-v2\\vendor\\symfony\\console\\Application.php(316): Symfony\\Component\\Console\\Application->doRunCommand(Object(L5Swagger\\Console\\GenerateDocsCommand), Object(Symfony\\Component\\Console\\Input\\ArgvInput), Object(Symfony\\Component\\Console\\Output\\ConsoleOutput))
#21 C:\\laragon\\www\\Personal\\backend-myapp-v2\\vendor\\symfony\\console\\Application.php(167): Symfony\\Component\\Console\\Application->doRun(Object(Symfony\\Component\\Console\\Input\\ArgvInput), Object(Symfony\\Component\\Console\\Output\\ConsoleOutput))
#22 C:\\laragon\\www\\Personal\\backend-myapp-v2\\vendor\\laravel\\framework\\src\\Illuminate\\Foundation\\Console\\Kernel.php(197): Symfony\\Component\\Console\\Application->run(Object(Symfony\\Component\\Console\\Input\\ArgvInput), Object(Symfony\\Component\\Console\\Output\\ConsoleOutput))
#23 C:\\laragon\\www\\Personal\\backend-myapp-v2\\vendor\\laravel\\framework\\src\\Illuminate\\Foundation\\Application.php(1203): Illuminate\\Foundation\\Console\\Kernel->handle(Object(Symfony\\Component\\Console\\Input\\ArgvInput), Object(Symfony\\Component\\Console\\Output\\ConsoleOutput))
#24 C:\\laragon\\www\\Personal\\backend-myapp-v2\\artisan(13): Illuminate\\Foundation\\Application->handleCommand(Object(Symfony\\Component\\Console\\Input\\ArgvInput))
#25 {main}
"} 
[2025-01-05 10:02:35] local.ERROR: Required @OA\PathItem() not found {"exception":"[object] (ErrorException(code: 0): Required @OA\\PathItem() not found at C:\\laragon\\www\\Personal\\backend-myapp-v2\\vendor\\zircote\\swagger-php\\src\\Loggers\\DefaultLogger.php:31)
[stacktrace]
#0 C:\\laragon\\www\\Personal\\backend-myapp-v2\\vendor\\laravel\\framework\\src\\Illuminate\\Foundation\\Bootstrap\\HandleExceptions.php(256): Illuminate\\Foundation\\Bootstrap\\HandleExceptions->handleError(512, 'Required @OA\\\\Pa...', 'C:\\\\laragon\\\\www\\\\...', 31)
#1 [internal function]: Illuminate\\Foundation\\Bootstrap\\HandleExceptions->Illuminate\\Foundation\\Bootstrap\\{closure}(512, 'Required @OA\\\\Pa...', 'C:\\\\laragon\\\\www\\\\...', 31)
#2 C:\\laragon\\www\\Personal\\backend-myapp-v2\\vendor\\zircote\\swagger-php\\src\\Loggers\\DefaultLogger.php(31): trigger_error('Required @OA\\\\Pa...', 512)
#3 C:\\laragon\\www\\Personal\\backend-myapp-v2\\vendor\\psr\\log\\src\\LoggerTrait.php(86): OpenApi\\Loggers\\DefaultLogger->log('warning', 'Required @OA\\\\Pa...', Array)
#4 C:\\laragon\\www\\Personal\\backend-myapp-v2\\vendor\\zircote\\swagger-php\\src\\Annotations\\OpenApi.php(157): Psr\\Log\\AbstractLogger->warning('Required @OA\\\\Pa...')
#5 C:\\laragon\\www\\Personal\\backend-myapp-v2\\vendor\\zircote\\swagger-php\\src\\Analysis.php(440): OpenApi\\Annotations\\OpenApi->validate()
#6 C:\\laragon\\www\\Personal\\backend-myapp-v2\\vendor\\zircote\\swagger-php\\src\\Generator.php(511): OpenApi\\Analysis->validate()
#7 C:\\laragon\\www\\Personal\\backend-myapp-v2\\vendor\\darkaonline\\l5-swagger\\src\\Generator.php(191): OpenApi\\Generator->generate(Object(Symfony\\Component\\Finder\\Finder), Object(OpenApi\\Analysis))
#8 C:\\laragon\\www\\Personal\\backend-myapp-v2\\vendor\\darkaonline\\l5-swagger\\src\\Generator.php(132): L5Swagger\\Generator->scanFilesForDocumentation()
#9 C:\\laragon\\www\\Personal\\backend-myapp-v2\\vendor\\darkaonline\\l5-swagger\\src\\Console\\GenerateDocsCommand.php(72): L5Swagger\\Generator->generateDocs()
#10 C:\\laragon\\www\\Personal\\backend-myapp-v2\\vendor\\darkaonline\\l5-swagger\\src\\Console\\GenerateDocsCommand.php(58): L5Swagger\\Console\\GenerateDocsCommand->generateDocumentation(Object(L5Swagger\\GeneratorFactory), 'default')
#11 C:\\laragon\\www\\Personal\\backend-myapp-v2\\vendor\\laravel\\framework\\src\\Illuminate\\Container\\BoundMethod.php(36): L5Swagger\\Console\\GenerateDocsCommand->handle(Object(L5Swagger\\GeneratorFactory))
#12 C:\\laragon\\www\\Personal\\backend-myapp-v2\\vendor\\laravel\\framework\\src\\Illuminate\\Container\\Util.php(41): Illuminate\\Container\\BoundMethod::Illuminate\\Container\\{closure}()
#13 C:\\laragon\\www\\Personal\\backend-myapp-v2\\vendor\\laravel\\framework\\src\\Illuminate\\Container\\BoundMethod.php(93): Illuminate\\Container\\Util::unwrapIfClosure(Object(Closure))
#14 C:\\laragon\\www\\Personal\\backend-myapp-v2\\vendor\\laravel\\framework\\src\\Illuminate\\Container\\BoundMethod.php(35): Illuminate\\Container\\BoundMethod::callBoundMethod(Object(Illuminate\\Foundation\\Application), Array, Object(Closure))
#15 C:\\laragon\\www\\Personal\\backend-myapp-v2\\vendor\\laravel\\framework\\src\\Illuminate\\Container\\Container.php(690): Illuminate\\Container\\BoundMethod::call(Object(Illuminate\\Foundation\\Application), Array, Array, NULL)
#16 C:\\laragon\\www\\Personal\\backend-myapp-v2\\vendor\\laravel\\framework\\src\\Illuminate\\Console\\Command.php(213): Illuminate\\Container\\Container->call(Array)
#17 C:\\laragon\\www\\Personal\\backend-myapp-v2\\vendor\\symfony\\console\\Command\\Command.php(279): Illuminate\\Console\\Command->execute(Object(Symfony\\Component\\Console\\Input\\ArgvInput), Object(Illuminate\\Console\\OutputStyle))
#18 C:\\laragon\\www\\Personal\\backend-myapp-v2\\vendor\\laravel\\framework\\src\\Illuminate\\Console\\Command.php(182): Symfony\\Component\\Console\\Command\\Command->run(Object(Symfony\\Component\\Console\\Input\\ArgvInput), Object(Illuminate\\Console\\OutputStyle))
#19 C:\\laragon\\www\\Personal\\backend-myapp-v2\\vendor\\symfony\\console\\Application.php(1047): Illuminate\\Console\\Command->run(Object(Symfony\\Component\\Console\\Input\\ArgvInput), Object(Symfony\\Component\\Console\\Output\\ConsoleOutput))
#20 C:\\laragon\\www\\Personal\\backend-myapp-v2\\vendor\\symfony\\console\\Application.php(316): Symfony\\Component\\Console\\Application->doRunCommand(Object(L5Swagger\\Console\\GenerateDocsCommand), Object(Symfony\\Component\\Console\\Input\\ArgvInput), Object(Symfony\\Component\\Console\\Output\\ConsoleOutput))
#21 C:\\laragon\\www\\Personal\\backend-myapp-v2\\vendor\\symfony\\console\\Application.php(167): Symfony\\Component\\Console\\Application->doRun(Object(Symfony\\Component\\Console\\Input\\ArgvInput), Object(Symfony\\Component\\Console\\Output\\ConsoleOutput))
#22 C:\\laragon\\www\\Personal\\backend-myapp-v2\\vendor\\laravel\\framework\\src\\Illuminate\\Foundation\\Console\\Kernel.php(197): Symfony\\Component\\Console\\Application->run(Object(Symfony\\Component\\Console\\Input\\ArgvInput), Object(Symfony\\Component\\Console\\Output\\ConsoleOutput))
#23 C:\\laragon\\www\\Personal\\backend-myapp-v2\\vendor\\laravel\\framework\\src\\Illuminate\\Foundation\\Application.php(1203): Illuminate\\Foundation\\Console\\Kernel->handle(Object(Symfony\\Component\\Console\\Input\\ArgvInput), Object(Symfony\\Component\\Console\\Output\\ConsoleOutput))
#24 C:\\laragon\\www\\Personal\\backend-myapp-v2\\artisan(13): Illuminate\\Foundation\\Application->handleCommand(Object(Symfony\\Component\\Console\\Input\\ArgvInput))
#25 {main}
"} 
[2025-01-05 10:05:12] local.ERROR: Required @OA\PathItem() not found {"exception":"[object] (ErrorException(code: 0): Required @OA\\PathItem() not found at C:\\laragon\\www\\Personal\\backend-myapp-v2\\vendor\\zircote\\swagger-php\\src\\Loggers\\DefaultLogger.php:31)
[stacktrace]
#0 C:\\laragon\\www\\Personal\\backend-myapp-v2\\vendor\\laravel\\framework\\src\\Illuminate\\Foundation\\Bootstrap\\HandleExceptions.php(256): Illuminate\\Foundation\\Bootstrap\\HandleExceptions->handleError(512, 'Required @OA\\\\Pa...', 'C:\\\\laragon\\\\www\\\\...', 31)
#1 [internal function]: Illuminate\\Foundation\\Bootstrap\\HandleExceptions->Illuminate\\Foundation\\Bootstrap\\{closure}(512, 'Required @OA\\\\Pa...', 'C:\\\\laragon\\\\www\\\\...', 31)
#2 C:\\laragon\\www\\Personal\\backend-myapp-v2\\vendor\\zircote\\swagger-php\\src\\Loggers\\DefaultLogger.php(31): trigger_error('Required @OA\\\\Pa...', 512)
#3 C:\\laragon\\www\\Personal\\backend-myapp-v2\\vendor\\psr\\log\\src\\LoggerTrait.php(86): OpenApi\\Loggers\\DefaultLogger->log('warning', 'Required @OA\\\\Pa...', Array)
#4 C:\\laragon\\www\\Personal\\backend-myapp-v2\\vendor\\zircote\\swagger-php\\src\\Annotations\\OpenApi.php(157): Psr\\Log\\AbstractLogger->warning('Required @OA\\\\Pa...')
#5 C:\\laragon\\www\\Personal\\backend-myapp-v2\\vendor\\zircote\\swagger-php\\src\\Analysis.php(440): OpenApi\\Annotations\\OpenApi->validate()
#6 C:\\laragon\\www\\Personal\\backend-myapp-v2\\vendor\\zircote\\swagger-php\\src\\Generator.php(511): OpenApi\\Analysis->validate()
#7 C:\\laragon\\www\\Personal\\backend-myapp-v2\\vendor\\darkaonline\\l5-swagger\\src\\Generator.php(191): OpenApi\\Generator->generate(Object(Symfony\\Component\\Finder\\Finder), Object(OpenApi\\Analysis))
#8 C:\\laragon\\www\\Personal\\backend-myapp-v2\\vendor\\darkaonline\\l5-swagger\\src\\Generator.php(132): L5Swagger\\Generator->scanFilesForDocumentation()
#9 C:\\laragon\\www\\Personal\\backend-myapp-v2\\vendor\\darkaonline\\l5-swagger\\src\\Console\\GenerateDocsCommand.php(72): L5Swagger\\Generator->generateDocs()
#10 C:\\laragon\\www\\Personal\\backend-myapp-v2\\vendor\\darkaonline\\l5-swagger\\src\\Console\\GenerateDocsCommand.php(58): L5Swagger\\Console\\GenerateDocsCommand->generateDocumentation(Object(L5Swagger\\GeneratorFactory), 'default')
#11 C:\\laragon\\www\\Personal\\backend-myapp-v2\\vendor\\laravel\\framework\\src\\Illuminate\\Container\\BoundMethod.php(36): L5Swagger\\Console\\GenerateDocsCommand->handle(Object(L5Swagger\\GeneratorFactory))
#12 C:\\laragon\\www\\Personal\\backend-myapp-v2\\vendor\\laravel\\framework\\src\\Illuminate\\Container\\Util.php(41): Illuminate\\Container\\BoundMethod::Illuminate\\Container\\{closure}()
#13 C:\\laragon\\www\\Personal\\backend-myapp-v2\\vendor\\laravel\\framework\\src\\Illuminate\\Container\\BoundMethod.php(93): Illuminate\\Container\\Util::unwrapIfClosure(Object(Closure))
#14 C:\\laragon\\www\\Personal\\backend-myapp-v2\\vendor\\laravel\\framework\\src\\Illuminate\\Container\\BoundMethod.php(35): Illuminate\\Container\\BoundMethod::callBoundMethod(Object(Illuminate\\Foundation\\Application), Array, Object(Closure))
#15 C:\\laragon\\www\\Personal\\backend-myapp-v2\\vendor\\laravel\\framework\\src\\Illuminate\\Container\\Container.php(690): Illuminate\\Container\\BoundMethod::call(Object(Illuminate\\Foundation\\Application), Array, Array, NULL)
#16 C:\\laragon\\www\\Personal\\backend-myapp-v2\\vendor\\laravel\\framework\\src\\Illuminate\\Console\\Command.php(213): Illuminate\\Container\\Container->call(Array)
#17 C:\\laragon\\www\\Personal\\backend-myapp-v2\\vendor\\symfony\\console\\Command\\Command.php(279): Illuminate\\Console\\Command->execute(Object(Symfony\\Component\\Console\\Input\\ArgvInput), Object(Illuminate\\Console\\OutputStyle))
#18 C:\\laragon\\www\\Personal\\backend-myapp-v2\\vendor\\laravel\\framework\\src\\Illuminate\\Console\\Command.php(182): Symfony\\Component\\Console\\Command\\Command->run(Object(Symfony\\Component\\Console\\Input\\ArgvInput), Object(Illuminate\\Console\\OutputStyle))
#19 C:\\laragon\\www\\Personal\\backend-myapp-v2\\vendor\\symfony\\console\\Application.php(1047): Illuminate\\Console\\Command->run(Object(Symfony\\Component\\Console\\Input\\ArgvInput), Object(Symfony\\Component\\Console\\Output\\ConsoleOutput))
#20 C:\\laragon\\www\\Personal\\backend-myapp-v2\\vendor\\symfony\\console\\Application.php(316): Symfony\\Component\\Console\\Application->doRunCommand(Object(L5Swagger\\Console\\GenerateDocsCommand), Object(Symfony\\Component\\Console\\Input\\ArgvInput), Object(Symfony\\Component\\Console\\Output\\ConsoleOutput))
#21 C:\\laragon\\www\\Personal\\backend-myapp-v2\\vendor\\symfony\\console\\Application.php(167): Symfony\\Component\\Console\\Application->doRun(Object(Symfony\\Component\\Console\\Input\\ArgvInput), Object(Symfony\\Component\\Console\\Output\\ConsoleOutput))
#22 C:\\laragon\\www\\Personal\\backend-myapp-v2\\vendor\\laravel\\framework\\src\\Illuminate\\Foundation\\Console\\Kernel.php(197): Symfony\\Component\\Console\\Application->run(Object(Symfony\\Component\\Console\\Input\\ArgvInput), Object(Symfony\\Component\\Console\\Output\\ConsoleOutput))
#23 C:\\laragon\\www\\Personal\\backend-myapp-v2\\vendor\\laravel\\framework\\src\\Illuminate\\Foundation\\Application.php(1203): Illuminate\\Foundation\\Console\\Kernel->handle(Object(Symfony\\Component\\Console\\Input\\ArgvInput), Object(Symfony\\Component\\Console\\Output\\ConsoleOutput))
#24 C:\\laragon\\www\\Personal\\backend-myapp-v2\\artisan(13): Illuminate\\Foundation\\Application->handleCommand(Object(Symfony\\Component\\Console\\Input\\ArgvInput))
#25 {main}
"} 
[2025-01-05 10:06:54] local.ERROR: require(C:\laragon\www\Personal\backend-myapp-v2\bootstrap/../routes/api.php): Failed to open stream: No such file or directory {"exception":"[object] (ErrorException(code: 0): require(C:\\laragon\\www\\Personal\\backend-myapp-v2\\bootstrap/../routes/api.php): Failed to open stream: No such file or directory at C:\\laragon\\www\\Personal\\backend-myapp-v2\\vendor\\laravel\\framework\\src\\Illuminate\\Routing\\RouteFileRegistrar.php:35)
[stacktrace]
#0 C:\\laragon\\www\\Personal\\backend-myapp-v2\\vendor\\laravel\\framework\\src\\Illuminate\\Foundation\\Bootstrap\\HandleExceptions.php(256): Illuminate\\Foundation\\Bootstrap\\HandleExceptions->handleError(2, 'require(C:\\\\lara...', 'C:\\\\laragon\\\\www\\\\...', 35)
#1 C:\\laragon\\www\\Personal\\backend-myapp-v2\\vendor\\laravel\\framework\\src\\Illuminate\\Routing\\RouteFileRegistrar.php(35): Illuminate\\Foundation\\Bootstrap\\HandleExceptions->Illuminate\\Foundation\\Bootstrap\\{closure}(2, 'require(C:\\\\lara...', 'C:\\\\laragon\\\\www\\\\...', 35)
#2 C:\\laragon\\www\\Personal\\backend-myapp-v2\\vendor\\laravel\\framework\\src\\Illuminate\\Routing\\RouteFileRegistrar.php(35): require('C:\\\\laragon\\\\www\\\\...')
#3 C:\\laragon\\www\\Personal\\backend-myapp-v2\\vendor\\laravel\\framework\\src\\Illuminate\\Routing\\Router.php(513): Illuminate\\Routing\\RouteFileRegistrar->register('C:\\\\laragon\\\\www\\\\...')
#4 C:\\laragon\\www\\Personal\\backend-myapp-v2\\vendor\\laravel\\framework\\src\\Illuminate\\Routing\\Router.php(467): Illuminate\\Routing\\Router->loadRoutes('C:\\\\laragon\\\\www\\\\...')
#5 C:\\laragon\\www\\Personal\\backend-myapp-v2\\vendor\\laravel\\framework\\src\\Illuminate\\Routing\\RouteRegistrar.php(194): Illuminate\\Routing\\Router->group(Array, 'C:\\\\laragon\\\\www\\\\...')
#6 C:\\laragon\\www\\Personal\\backend-myapp-v2\\vendor\\laravel\\framework\\src\\Illuminate\\Foundation\\Configuration\\ApplicationBuilder.php(201): Illuminate\\Routing\\RouteRegistrar->group('C:\\\\laragon\\\\www\\\\...')
#7 C:\\laragon\\www\\Personal\\backend-myapp-v2\\vendor\\laravel\\framework\\src\\Illuminate\\Container\\BoundMethod.php(36): Illuminate\\Foundation\\Configuration\\ApplicationBuilder->Illuminate\\Foundation\\Configuration\\{closure}()
#8 C:\\laragon\\www\\Personal\\backend-myapp-v2\\vendor\\laravel\\framework\\src\\Illuminate\\Container\\Util.php(41): Illuminate\\Container\\BoundMethod::Illuminate\\Container\\{closure}()
#9 C:\\laragon\\www\\Personal\\backend-myapp-v2\\vendor\\laravel\\framework\\src\\Illuminate\\Container\\BoundMethod.php(81): Illuminate\\Container\\Util::unwrapIfClosure(Object(Closure))
#10 C:\\laragon\\www\\Personal\\backend-myapp-v2\\vendor\\laravel\\framework\\src\\Illuminate\\Container\\BoundMethod.php(35): Illuminate\\Container\\BoundMethod::callBoundMethod(Object(Illuminate\\Foundation\\Application), Object(Closure), Object(Closure))
#11 C:\\laragon\\www\\Personal\\backend-myapp-v2\\vendor\\laravel\\framework\\src\\Illuminate\\Container\\Container.php(690): Illuminate\\Container\\BoundMethod::call(Object(Illuminate\\Foundation\\Application), Object(Closure), Array, NULL)
#12 C:\\laragon\\www\\Personal\\backend-myapp-v2\\vendor\\laravel\\framework\\src\\Illuminate\\Foundation\\Support\\Providers\\RouteServiceProvider.php(162): Illuminate\\Container\\Container->call(Object(Closure))
#13 C:\\laragon\\www\\Personal\\backend-myapp-v2\\vendor\\laravel\\framework\\src\\Illuminate\\Foundation\\Support\\Providers\\RouteServiceProvider.php(59): Illuminate\\Foundation\\Support\\Providers\\RouteServiceProvider->loadRoutes()
#14 C:\\laragon\\www\\Personal\\backend-myapp-v2\\vendor\\laravel\\framework\\src\\Illuminate\\Container\\BoundMethod.php(36): Illuminate\\Foundation\\Support\\Providers\\RouteServiceProvider->Illuminate\\Foundation\\Support\\Providers\\{closure}()
#15 C:\\laragon\\www\\Personal\\backend-myapp-v2\\vendor\\laravel\\framework\\src\\Illuminate\\Container\\Util.php(41): Illuminate\\Container\\BoundMethod::Illuminate\\Container\\{closure}()
#16 C:\\laragon\\www\\Personal\\backend-myapp-v2\\vendor\\laravel\\framework\\src\\Illuminate\\Container\\BoundMethod.php(81): Illuminate\\Container\\Util::unwrapIfClosure(Object(Closure))
#17 C:\\laragon\\www\\Personal\\backend-myapp-v2\\vendor\\laravel\\framework\\src\\Illuminate\\Container\\BoundMethod.php(35): Illuminate\\Container\\BoundMethod::callBoundMethod(Object(Illuminate\\Foundation\\Application), Object(Closure), Object(Closure))
#18 C:\\laragon\\www\\Personal\\backend-myapp-v2\\vendor\\laravel\\framework\\src\\Illuminate\\Container\\Container.php(690): Illuminate\\Container\\BoundMethod::call(Object(Illuminate\\Foundation\\Application), Object(Closure), Array, NULL)
#19 C:\\laragon\\www\\Personal\\backend-myapp-v2\\vendor\\laravel\\framework\\src\\Illuminate\\Support\\ServiceProvider.php(130): Illuminate\\Container\\Container->call(Object(Closure))
#20 C:\\laragon\\www\\Personal\\backend-myapp-v2\\vendor\\laravel\\framework\\src\\Illuminate\\Foundation\\Application.php(1122): Illuminate\\Support\\ServiceProvider->callBootedCallbacks()
#21 C:\\laragon\\www\\Personal\\backend-myapp-v2\\vendor\\laravel\\framework\\src\\Illuminate\\Foundation\\Application.php(1100): Illuminate\\Foundation\\Application->bootProvider(Object(Illuminate\\Foundation\\Support\\Providers\\RouteServiceProvider))
#22 [internal function]: Illuminate\\Foundation\\Application->Illuminate\\Foundation\\{closure}(Object(Illuminate\\Foundation\\Support\\Providers\\RouteServiceProvider), 'Illuminate\\\\Foun...')
#23 C:\\laragon\\www\\Personal\\backend-myapp-v2\\vendor\\laravel\\framework\\src\\Illuminate\\Foundation\\Application.php(1099): array_walk(Array, Object(Closure))
#24 C:\\laragon\\www\\Personal\\backend-myapp-v2\\vendor\\laravel\\framework\\src\\Illuminate\\Foundation\\Bootstrap\\BootProviders.php(17): Illuminate\\Foundation\\Application->boot()
#25 C:\\laragon\\www\\Personal\\backend-myapp-v2\\vendor\\laravel\\framework\\src\\Illuminate\\Foundation\\Application.php(316): Illuminate\\Foundation\\Bootstrap\\BootProviders->bootstrap(Object(Illuminate\\Foundation\\Application))
#26 C:\\laragon\\www\\Personal\\backend-myapp-v2\\vendor\\laravel\\framework\\src\\Illuminate\\Foundation\\Console\\Kernel.php(473): Illuminate\\Foundation\\Application->bootstrapWith(Array)
#27 C:\\laragon\\www\\Personal\\backend-myapp-v2\\vendor\\laravel\\framework\\src\\Illuminate\\Foundation\\Console\\Kernel.php(195): Illuminate\\Foundation\\Console\\Kernel->bootstrap()
#28 C:\\laragon\\www\\Personal\\backend-myapp-v2\\vendor\\laravel\\framework\\src\\Illuminate\\Foundation\\Application.php(1203): Illuminate\\Foundation\\Console\\Kernel->handle(Object(Symfony\\Component\\Console\\Input\\ArgvInput), Object(Symfony\\Component\\Console\\Output\\ConsoleOutput))
#29 C:\\laragon\\www\\Personal\\backend-myapp-v2\\artisan(13): Illuminate\\Foundation\\Application->handleCommand(Object(Symfony\\Component\\Console\\Input\\ArgvInput))
#30 {main}
"} 
[2025-01-05 10:07:56] local.ERROR: require(C:\laragon\www\Personal\backend-myapp-v2\bootstrap/../routes/api.php): Failed to open stream: No such file or directory {"exception":"[object] (ErrorException(code: 0): require(C:\\laragon\\www\\Personal\\backend-myapp-v2\\bootstrap/../routes/api.php): Failed to open stream: No such file or directory at C:\\laragon\\www\\Personal\\backend-myapp-v2\\vendor\\laravel\\framework\\src\\Illuminate\\Routing\\RouteFileRegistrar.php:35)
[stacktrace]
#0 C:\\laragon\\www\\Personal\\backend-myapp-v2\\vendor\\laravel\\framework\\src\\Illuminate\\Foundation\\Bootstrap\\HandleExceptions.php(256): Illuminate\\Foundation\\Bootstrap\\HandleExceptions->handleError(2, 'require(C:\\\\lara...', 'C:\\\\laragon\\\\www\\\\...', 35)
#1 C:\\laragon\\www\\Personal\\backend-myapp-v2\\vendor\\laravel\\framework\\src\\Illuminate\\Routing\\RouteFileRegistrar.php(35): Illuminate\\Foundation\\Bootstrap\\HandleExceptions->Illuminate\\Foundation\\Bootstrap\\{closure}(2, 'require(C:\\\\lara...', 'C:\\\\laragon\\\\www\\\\...', 35)
#2 C:\\laragon\\www\\Personal\\backend-myapp-v2\\vendor\\laravel\\framework\\src\\Illuminate\\Routing\\RouteFileRegistrar.php(35): require('C:\\\\laragon\\\\www\\\\...')
#3 C:\\laragon\\www\\Personal\\backend-myapp-v2\\vendor\\laravel\\framework\\src\\Illuminate\\Routing\\Router.php(513): Illuminate\\Routing\\RouteFileRegistrar->register('C:\\\\laragon\\\\www\\\\...')
#4 C:\\laragon\\www\\Personal\\backend-myapp-v2\\vendor\\laravel\\framework\\src\\Illuminate\\Routing\\Router.php(467): Illuminate\\Routing\\Router->loadRoutes('C:\\\\laragon\\\\www\\\\...')
#5 C:\\laragon\\www\\Personal\\backend-myapp-v2\\vendor\\laravel\\framework\\src\\Illuminate\\Routing\\RouteRegistrar.php(194): Illuminate\\Routing\\Router->group(Array, 'C:\\\\laragon\\\\www\\\\...')
#6 C:\\laragon\\www\\Personal\\backend-myapp-v2\\vendor\\laravel\\framework\\src\\Illuminate\\Foundation\\Configuration\\ApplicationBuilder.php(201): Illuminate\\Routing\\RouteRegistrar->group('C:\\\\laragon\\\\www\\\\...')
#7 C:\\laragon\\www\\Personal\\backend-myapp-v2\\vendor\\laravel\\framework\\src\\Illuminate\\Container\\BoundMethod.php(36): Illuminate\\Foundation\\Configuration\\ApplicationBuilder->Illuminate\\Foundation\\Configuration\\{closure}()
#8 C:\\laragon\\www\\Personal\\backend-myapp-v2\\vendor\\laravel\\framework\\src\\Illuminate\\Container\\Util.php(41): Illuminate\\Container\\BoundMethod::Illuminate\\Container\\{closure}()
#9 C:\\laragon\\www\\Personal\\backend-myapp-v2\\vendor\\laravel\\framework\\src\\Illuminate\\Container\\BoundMethod.php(81): Illuminate\\Container\\Util::unwrapIfClosure(Object(Closure))
#10 C:\\laragon\\www\\Personal\\backend-myapp-v2\\vendor\\laravel\\framework\\src\\Illuminate\\Container\\BoundMethod.php(35): Illuminate\\Container\\BoundMethod::callBoundMethod(Object(Illuminate\\Foundation\\Application), Object(Closure), Object(Closure))
#11 C:\\laragon\\www\\Personal\\backend-myapp-v2\\vendor\\laravel\\framework\\src\\Illuminate\\Container\\Container.php(690): Illuminate\\Container\\BoundMethod::call(Object(Illuminate\\Foundation\\Application), Object(Closure), Array, NULL)
#12 C:\\laragon\\www\\Personal\\backend-myapp-v2\\vendor\\laravel\\framework\\src\\Illuminate\\Foundation\\Support\\Providers\\RouteServiceProvider.php(162): Illuminate\\Container\\Container->call(Object(Closure))
#13 C:\\laragon\\www\\Personal\\backend-myapp-v2\\vendor\\laravel\\framework\\src\\Illuminate\\Foundation\\Support\\Providers\\RouteServiceProvider.php(59): Illuminate\\Foundation\\Support\\Providers\\RouteServiceProvider->loadRoutes()
#14 C:\\laragon\\www\\Personal\\backend-myapp-v2\\vendor\\laravel\\framework\\src\\Illuminate\\Container\\BoundMethod.php(36): Illuminate\\Foundation\\Support\\Providers\\RouteServiceProvider->Illuminate\\Foundation\\Support\\Providers\\{closure}()
#15 C:\\laragon\\www\\Personal\\backend-myapp-v2\\vendor\\laravel\\framework\\src\\Illuminate\\Container\\Util.php(41): Illuminate\\Container\\BoundMethod::Illuminate\\Container\\{closure}()
#16 C:\\laragon\\www\\Personal\\backend-myapp-v2\\vendor\\laravel\\framework\\src\\Illuminate\\Container\\BoundMethod.php(81): Illuminate\\Container\\Util::unwrapIfClosure(Object(Closure))
#17 C:\\laragon\\www\\Personal\\backend-myapp-v2\\vendor\\laravel\\framework\\src\\Illuminate\\Container\\BoundMethod.php(35): Illuminate\\Container\\BoundMethod::callBoundMethod(Object(Illuminate\\Foundation\\Application), Object(Closure), Object(Closure))
#18 C:\\laragon\\www\\Personal\\backend-myapp-v2\\vendor\\laravel\\framework\\src\\Illuminate\\Container\\Container.php(690): Illuminate\\Container\\BoundMethod::call(Object(Illuminate\\Foundation\\Application), Object(Closure), Array, NULL)
#19 C:\\laragon\\www\\Personal\\backend-myapp-v2\\vendor\\laravel\\framework\\src\\Illuminate\\Support\\ServiceProvider.php(130): Illuminate\\Container\\Container->call(Object(Closure))
#20 C:\\laragon\\www\\Personal\\backend-myapp-v2\\vendor\\laravel\\framework\\src\\Illuminate\\Foundation\\Application.php(1122): Illuminate\\Support\\ServiceProvider->callBootedCallbacks()
#21 C:\\laragon\\www\\Personal\\backend-myapp-v2\\vendor\\laravel\\framework\\src\\Illuminate\\Foundation\\Application.php(1100): Illuminate\\Foundation\\Application->bootProvider(Object(Illuminate\\Foundation\\Support\\Providers\\RouteServiceProvider))
#22 [internal function]: Illuminate\\Foundation\\Application->Illuminate\\Foundation\\{closure}(Object(Illuminate\\Foundation\\Support\\Providers\\RouteServiceProvider), 'Illuminate\\\\Foun...')
#23 C:\\laragon\\www\\Personal\\backend-myapp-v2\\vendor\\laravel\\framework\\src\\Illuminate\\Foundation\\Application.php(1099): array_walk(Array, Object(Closure))
#24 C:\\laragon\\www\\Personal\\backend-myapp-v2\\vendor\\laravel\\framework\\src\\Illuminate\\Foundation\\Bootstrap\\BootProviders.php(17): Illuminate\\Foundation\\Application->boot()
#25 C:\\laragon\\www\\Personal\\backend-myapp-v2\\vendor\\laravel\\framework\\src\\Illuminate\\Foundation\\Application.php(316): Illuminate\\Foundation\\Bootstrap\\BootProviders->bootstrap(Object(Illuminate\\Foundation\\Application))
#26 C:\\laragon\\www\\Personal\\backend-myapp-v2\\vendor\\laravel\\framework\\src\\Illuminate\\Foundation\\Http\\Kernel.php(187): Illuminate\\Foundation\\Application->bootstrapWith(Array)
#27 C:\\laragon\\www\\Personal\\backend-myapp-v2\\vendor\\laravel\\framework\\src\\Illuminate\\Foundation\\Http\\Kernel.php(171): Illuminate\\Foundation\\Http\\Kernel->bootstrap()
#28 C:\\laragon\\www\\Personal\\backend-myapp-v2\\vendor\\laravel\\framework\\src\\Illuminate\\Foundation\\Http\\Kernel.php(145): Illuminate\\Foundation\\Http\\Kernel->sendRequestThroughRouter(Object(Illuminate\\Http\\Request))
#29 C:\\laragon\\www\\Personal\\backend-myapp-v2\\vendor\\laravel\\framework\\src\\Illuminate\\Foundation\\Application.php(1188): Illuminate\\Foundation\\Http\\Kernel->handle(Object(Illuminate\\Http\\Request))
#30 C:\\laragon\\www\\Personal\\backend-myapp-v2\\public\\index.php(17): Illuminate\\Foundation\\Application->handleRequest(Object(Illuminate\\Http\\Request))
#31 C:\\laragon\\www\\Personal\\backend-myapp-v2\\vendor\\laravel\\framework\\src\\Illuminate\\Foundation\\resources\\server.php(23): require_once('C:\\\\laragon\\\\www\\\\...')
#32 {main}
"} 
[2025-01-05 10:08:00] local.ERROR: require(C:\laragon\www\Personal\backend-myapp-v2\bootstrap/../routes/api.php): Failed to open stream: No such file or directory {"exception":"[object] (ErrorException(code: 0): require(C:\\laragon\\www\\Personal\\backend-myapp-v2\\bootstrap/../routes/api.php): Failed to open stream: No such file or directory at C:\\laragon\\www\\Personal\\backend-myapp-v2\\vendor\\laravel\\framework\\src\\Illuminate\\Routing\\RouteFileRegistrar.php:35)
[stacktrace]
#0 C:\\laragon\\www\\Personal\\backend-myapp-v2\\vendor\\laravel\\framework\\src\\Illuminate\\Foundation\\Bootstrap\\HandleExceptions.php(256): Illuminate\\Foundation\\Bootstrap\\HandleExceptions->handleError(2, 'require(C:\\\\lara...', 'C:\\\\laragon\\\\www\\\\...', 35)
#1 C:\\laragon\\www\\Personal\\backend-myapp-v2\\vendor\\laravel\\framework\\src\\Illuminate\\Routing\\RouteFileRegistrar.php(35): Illuminate\\Foundation\\Bootstrap\\HandleExceptions->Illuminate\\Foundation\\Bootstrap\\{closure}(2, 'require(C:\\\\lara...', 'C:\\\\laragon\\\\www\\\\...', 35)
#2 C:\\laragon\\www\\Personal\\backend-myapp-v2\\vendor\\laravel\\framework\\src\\Illuminate\\Routing\\RouteFileRegistrar.php(35): require('C:\\\\laragon\\\\www\\\\...')
#3 C:\\laragon\\www\\Personal\\backend-myapp-v2\\vendor\\laravel\\framework\\src\\Illuminate\\Routing\\Router.php(513): Illuminate\\Routing\\RouteFileRegistrar->register('C:\\\\laragon\\\\www\\\\...')
#4 C:\\laragon\\www\\Personal\\backend-myapp-v2\\vendor\\laravel\\framework\\src\\Illuminate\\Routing\\Router.php(467): Illuminate\\Routing\\Router->loadRoutes('C:\\\\laragon\\\\www\\\\...')
#5 C:\\laragon\\www\\Personal\\backend-myapp-v2\\vendor\\laravel\\framework\\src\\Illuminate\\Routing\\RouteRegistrar.php(194): Illuminate\\Routing\\Router->group(Array, 'C:\\\\laragon\\\\www\\\\...')
#6 C:\\laragon\\www\\Personal\\backend-myapp-v2\\vendor\\laravel\\framework\\src\\Illuminate\\Foundation\\Configuration\\ApplicationBuilder.php(201): Illuminate\\Routing\\RouteRegistrar->group('C:\\\\laragon\\\\www\\\\...')
#7 C:\\laragon\\www\\Personal\\backend-myapp-v2\\vendor\\laravel\\framework\\src\\Illuminate\\Container\\BoundMethod.php(36): Illuminate\\Foundation\\Configuration\\ApplicationBuilder->Illuminate\\Foundation\\Configuration\\{closure}()
#8 C:\\laragon\\www\\Personal\\backend-myapp-v2\\vendor\\laravel\\framework\\src\\Illuminate\\Container\\Util.php(41): Illuminate\\Container\\BoundMethod::Illuminate\\Container\\{closure}()
#9 C:\\laragon\\www\\Personal\\backend-myapp-v2\\vendor\\laravel\\framework\\src\\Illuminate\\Container\\BoundMethod.php(81): Illuminate\\Container\\Util::unwrapIfClosure(Object(Closure))
#10 C:\\laragon\\www\\Personal\\backend-myapp-v2\\vendor\\laravel\\framework\\src\\Illuminate\\Container\\BoundMethod.php(35): Illuminate\\Container\\BoundMethod::callBoundMethod(Object(Illuminate\\Foundation\\Application), Object(Closure), Object(Closure))
#11 C:\\laragon\\www\\Personal\\backend-myapp-v2\\vendor\\laravel\\framework\\src\\Illuminate\\Container\\Container.php(690): Illuminate\\Container\\BoundMethod::call(Object(Illuminate\\Foundation\\Application), Object(Closure), Array, NULL)
#12 C:\\laragon\\www\\Personal\\backend-myapp-v2\\vendor\\laravel\\framework\\src\\Illuminate\\Foundation\\Support\\Providers\\RouteServiceProvider.php(162): Illuminate\\Container\\Container->call(Object(Closure))
#13 C:\\laragon\\www\\Personal\\backend-myapp-v2\\vendor\\laravel\\framework\\src\\Illuminate\\Foundation\\Support\\Providers\\RouteServiceProvider.php(59): Illuminate\\Foundation\\Support\\Providers\\RouteServiceProvider->loadRoutes()
#14 C:\\laragon\\www\\Personal\\backend-myapp-v2\\vendor\\laravel\\framework\\src\\Illuminate\\Container\\BoundMethod.php(36): Illuminate\\Foundation\\Support\\Providers\\RouteServiceProvider->Illuminate\\Foundation\\Support\\Providers\\{closure}()
#15 C:\\laragon\\www\\Personal\\backend-myapp-v2\\vendor\\laravel\\framework\\src\\Illuminate\\Container\\Util.php(41): Illuminate\\Container\\BoundMethod::Illuminate\\Container\\{closure}()
#16 C:\\laragon\\www\\Personal\\backend-myapp-v2\\vendor\\laravel\\framework\\src\\Illuminate\\Container\\BoundMethod.php(81): Illuminate\\Container\\Util::unwrapIfClosure(Object(Closure))
#17 C:\\laragon\\www\\Personal\\backend-myapp-v2\\vendor\\laravel\\framework\\src\\Illuminate\\Container\\BoundMethod.php(35): Illuminate\\Container\\BoundMethod::callBoundMethod(Object(Illuminate\\Foundation\\Application), Object(Closure), Object(Closure))
#18 C:\\laragon\\www\\Personal\\backend-myapp-v2\\vendor\\laravel\\framework\\src\\Illuminate\\Container\\Container.php(690): Illuminate\\Container\\BoundMethod::call(Object(Illuminate\\Foundation\\Application), Object(Closure), Array, NULL)
#19 C:\\laragon\\www\\Personal\\backend-myapp-v2\\vendor\\laravel\\framework\\src\\Illuminate\\Support\\ServiceProvider.php(130): Illuminate\\Container\\Container->call(Object(Closure))
#20 C:\\laragon\\www\\Personal\\backend-myapp-v2\\vendor\\laravel\\framework\\src\\Illuminate\\Foundation\\Application.php(1122): Illuminate\\Support\\ServiceProvider->callBootedCallbacks()
#21 C:\\laragon\\www\\Personal\\backend-myapp-v2\\vendor\\laravel\\framework\\src\\Illuminate\\Foundation\\Application.php(1100): Illuminate\\Foundation\\Application->bootProvider(Object(Illuminate\\Foundation\\Support\\Providers\\RouteServiceProvider))
#22 [internal function]: Illuminate\\Foundation\\Application->Illuminate\\Foundation\\{closure}(Object(Illuminate\\Foundation\\Support\\Providers\\RouteServiceProvider), 'Illuminate\\\\Foun...')
#23 C:\\laragon\\www\\Personal\\backend-myapp-v2\\vendor\\laravel\\framework\\src\\Illuminate\\Foundation\\Application.php(1099): array_walk(Array, Object(Closure))
#24 C:\\laragon\\www\\Personal\\backend-myapp-v2\\vendor\\laravel\\framework\\src\\Illuminate\\Foundation\\Bootstrap\\BootProviders.php(17): Illuminate\\Foundation\\Application->boot()
#25 C:\\laragon\\www\\Personal\\backend-myapp-v2\\vendor\\laravel\\framework\\src\\Illuminate\\Foundation\\Application.php(316): Illuminate\\Foundation\\Bootstrap\\BootProviders->bootstrap(Object(Illuminate\\Foundation\\Application))
#26 C:\\laragon\\www\\Personal\\backend-myapp-v2\\vendor\\laravel\\framework\\src\\Illuminate\\Foundation\\Console\\Kernel.php(473): Illuminate\\Foundation\\Application->bootstrapWith(Array)
#27 C:\\laragon\\www\\Personal\\backend-myapp-v2\\vendor\\laravel\\framework\\src\\Illuminate\\Foundation\\Console\\Kernel.php(195): Illuminate\\Foundation\\Console\\Kernel->bootstrap()
#28 C:\\laragon\\www\\Personal\\backend-myapp-v2\\vendor\\laravel\\framework\\src\\Illuminate\\Foundation\\Application.php(1203): Illuminate\\Foundation\\Console\\Kernel->handle(Object(Symfony\\Component\\Console\\Input\\ArgvInput), Object(Symfony\\Component\\Console\\Output\\ConsoleOutput))
#29 C:\\laragon\\www\\Personal\\backend-myapp-v2\\artisan(13): Illuminate\\Foundation\\Application->handleCommand(Object(Symfony\\Component\\Console\\Input\\ArgvInput))
#30 {main}
"} 
[2025-01-05 10:09:31] local.ERROR: require(C:\laragon\www\Personal\backend-myapp-v2\bootstrap/../routes/api.php): Failed to open stream: No such file or directory {"exception":"[object] (ErrorException(code: 0): require(C:\\laragon\\www\\Personal\\backend-myapp-v2\\bootstrap/../routes/api.php): Failed to open stream: No such file or directory at C:\\laragon\\www\\Personal\\backend-myapp-v2\\vendor\\laravel\\framework\\src\\Illuminate\\Routing\\RouteFileRegistrar.php:35)
[stacktrace]
#0 C:\\laragon\\www\\Personal\\backend-myapp-v2\\vendor\\laravel\\framework\\src\\Illuminate\\Foundation\\Bootstrap\\HandleExceptions.php(256): Illuminate\\Foundation\\Bootstrap\\HandleExceptions->handleError(2, 'require(C:\\\\lara...', 'C:\\\\laragon\\\\www\\\\...', 35)
#1 C:\\laragon\\www\\Personal\\backend-myapp-v2\\vendor\\laravel\\framework\\src\\Illuminate\\Routing\\RouteFileRegistrar.php(35): Illuminate\\Foundation\\Bootstrap\\HandleExceptions->Illuminate\\Foundation\\Bootstrap\\{closure}(2, 'require(C:\\\\lara...', 'C:\\\\laragon\\\\www\\\\...', 35)
#2 C:\\laragon\\www\\Personal\\backend-myapp-v2\\vendor\\laravel\\framework\\src\\Illuminate\\Routing\\RouteFileRegistrar.php(35): require('C:\\\\laragon\\\\www\\\\...')
#3 C:\\laragon\\www\\Personal\\backend-myapp-v2\\vendor\\laravel\\framework\\src\\Illuminate\\Routing\\Router.php(513): Illuminate\\Routing\\RouteFileRegistrar->register('C:\\\\laragon\\\\www\\\\...')
#4 C:\\laragon\\www\\Personal\\backend-myapp-v2\\vendor\\laravel\\framework\\src\\Illuminate\\Routing\\Router.php(467): Illuminate\\Routing\\Router->loadRoutes('C:\\\\laragon\\\\www\\\\...')
#5 C:\\laragon\\www\\Personal\\backend-myapp-v2\\vendor\\laravel\\framework\\src\\Illuminate\\Routing\\RouteRegistrar.php(194): Illuminate\\Routing\\Router->group(Array, 'C:\\\\laragon\\\\www\\\\...')
#6 C:\\laragon\\www\\Personal\\backend-myapp-v2\\vendor\\laravel\\framework\\src\\Illuminate\\Foundation\\Configuration\\ApplicationBuilder.php(201): Illuminate\\Routing\\RouteRegistrar->group('C:\\\\laragon\\\\www\\\\...')
#7 C:\\laragon\\www\\Personal\\backend-myapp-v2\\vendor\\laravel\\framework\\src\\Illuminate\\Container\\BoundMethod.php(36): Illuminate\\Foundation\\Configuration\\ApplicationBuilder->Illuminate\\Foundation\\Configuration\\{closure}()
#8 C:\\laragon\\www\\Personal\\backend-myapp-v2\\vendor\\laravel\\framework\\src\\Illuminate\\Container\\Util.php(41): Illuminate\\Container\\BoundMethod::Illuminate\\Container\\{closure}()
#9 C:\\laragon\\www\\Personal\\backend-myapp-v2\\vendor\\laravel\\framework\\src\\Illuminate\\Container\\BoundMethod.php(81): Illuminate\\Container\\Util::unwrapIfClosure(Object(Closure))
#10 C:\\laragon\\www\\Personal\\backend-myapp-v2\\vendor\\laravel\\framework\\src\\Illuminate\\Container\\BoundMethod.php(35): Illuminate\\Container\\BoundMethod::callBoundMethod(Object(Illuminate\\Foundation\\Application), Object(Closure), Object(Closure))
#11 C:\\laragon\\www\\Personal\\backend-myapp-v2\\vendor\\laravel\\framework\\src\\Illuminate\\Container\\Container.php(690): Illuminate\\Container\\BoundMethod::call(Object(Illuminate\\Foundation\\Application), Object(Closure), Array, NULL)
#12 C:\\laragon\\www\\Personal\\backend-myapp-v2\\vendor\\laravel\\framework\\src\\Illuminate\\Foundation\\Support\\Providers\\RouteServiceProvider.php(162): Illuminate\\Container\\Container->call(Object(Closure))
#13 C:\\laragon\\www\\Personal\\backend-myapp-v2\\vendor\\laravel\\framework\\src\\Illuminate\\Foundation\\Support\\Providers\\RouteServiceProvider.php(59): Illuminate\\Foundation\\Support\\Providers\\RouteServiceProvider->loadRoutes()
#14 C:\\laragon\\www\\Personal\\backend-myapp-v2\\vendor\\laravel\\framework\\src\\Illuminate\\Container\\BoundMethod.php(36): Illuminate\\Foundation\\Support\\Providers\\RouteServiceProvider->Illuminate\\Foundation\\Support\\Providers\\{closure}()
#15 C:\\laragon\\www\\Personal\\backend-myapp-v2\\vendor\\laravel\\framework\\src\\Illuminate\\Container\\Util.php(41): Illuminate\\Container\\BoundMethod::Illuminate\\Container\\{closure}()
#16 C:\\laragon\\www\\Personal\\backend-myapp-v2\\vendor\\laravel\\framework\\src\\Illuminate\\Container\\BoundMethod.php(81): Illuminate\\Container\\Util::unwrapIfClosure(Object(Closure))
#17 C:\\laragon\\www\\Personal\\backend-myapp-v2\\vendor\\laravel\\framework\\src\\Illuminate\\Container\\BoundMethod.php(35): Illuminate\\Container\\BoundMethod::callBoundMethod(Object(Illuminate\\Foundation\\Application), Object(Closure), Object(Closure))
#18 C:\\laragon\\www\\Personal\\backend-myapp-v2\\vendor\\laravel\\framework\\src\\Illuminate\\Container\\Container.php(690): Illuminate\\Container\\BoundMethod::call(Object(Illuminate\\Foundation\\Application), Object(Closure), Array, NULL)
#19 C:\\laragon\\www\\Personal\\backend-myapp-v2\\vendor\\laravel\\framework\\src\\Illuminate\\Support\\ServiceProvider.php(130): Illuminate\\Container\\Container->call(Object(Closure))
#20 C:\\laragon\\www\\Personal\\backend-myapp-v2\\vendor\\laravel\\framework\\src\\Illuminate\\Foundation\\Application.php(1122): Illuminate\\Support\\ServiceProvider->callBootedCallbacks()
#21 C:\\laragon\\www\\Personal\\backend-myapp-v2\\vendor\\laravel\\framework\\src\\Illuminate\\Foundation\\Application.php(1100): Illuminate\\Foundation\\Application->bootProvider(Object(Illuminate\\Foundation\\Support\\Providers\\RouteServiceProvider))
#22 [internal function]: Illuminate\\Foundation\\Application->Illuminate\\Foundation\\{closure}(Object(Illuminate\\Foundation\\Support\\Providers\\RouteServiceProvider), 'Illuminate\\\\Foun...')
#23 C:\\laragon\\www\\Personal\\backend-myapp-v2\\vendor\\laravel\\framework\\src\\Illuminate\\Foundation\\Application.php(1099): array_walk(Array, Object(Closure))
#24 C:\\laragon\\www\\Personal\\backend-myapp-v2\\vendor\\laravel\\framework\\src\\Illuminate\\Foundation\\Bootstrap\\BootProviders.php(17): Illuminate\\Foundation\\Application->boot()
#25 C:\\laragon\\www\\Personal\\backend-myapp-v2\\vendor\\laravel\\framework\\src\\Illuminate\\Foundation\\Application.php(316): Illuminate\\Foundation\\Bootstrap\\BootProviders->bootstrap(Object(Illuminate\\Foundation\\Application))
#26 C:\\laragon\\www\\Personal\\backend-myapp-v2\\vendor\\laravel\\framework\\src\\Illuminate\\Foundation\\Console\\Kernel.php(473): Illuminate\\Foundation\\Application->bootstrapWith(Array)
#27 C:\\laragon\\www\\Personal\\backend-myapp-v2\\vendor\\laravel\\framework\\src\\Illuminate\\Foundation\\Console\\Kernel.php(195): Illuminate\\Foundation\\Console\\Kernel->bootstrap()
#28 C:\\laragon\\www\\Personal\\backend-myapp-v2\\vendor\\laravel\\framework\\src\\Illuminate\\Foundation\\Application.php(1203): Illuminate\\Foundation\\Console\\Kernel->handle(Object(Symfony\\Component\\Console\\Input\\ArgvInput), Object(Symfony\\Component\\Console\\Output\\ConsoleOutput))
#29 C:\\laragon\\www\\Personal\\backend-myapp-v2\\artisan(13): Illuminate\\Foundation\\Application->handleCommand(Object(Symfony\\Component\\Console\\Input\\ArgvInput))
#30 {main}
"} 
[2025-01-05 10:10:36] local.ERROR: Required @OA\PathItem() not found {"exception":"[object] (ErrorException(code: 0): Required @OA\\PathItem() not found at C:\\laragon\\www\\Personal\\backend-myapp-v2\\vendor\\zircote\\swagger-php\\src\\Loggers\\DefaultLogger.php:31)
[stacktrace]
#0 C:\\laragon\\www\\Personal\\backend-myapp-v2\\vendor\\laravel\\framework\\src\\Illuminate\\Foundation\\Bootstrap\\HandleExceptions.php(256): Illuminate\\Foundation\\Bootstrap\\HandleExceptions->handleError(512, 'Required @OA\\\\Pa...', 'C:\\\\laragon\\\\www\\\\...', 31)
#1 [internal function]: Illuminate\\Foundation\\Bootstrap\\HandleExceptions->Illuminate\\Foundation\\Bootstrap\\{closure}(512, 'Required @OA\\\\Pa...', 'C:\\\\laragon\\\\www\\\\...', 31)
#2 C:\\laragon\\www\\Personal\\backend-myapp-v2\\vendor\\zircote\\swagger-php\\src\\Loggers\\DefaultLogger.php(31): trigger_error('Required @OA\\\\Pa...', 512)
#3 C:\\laragon\\www\\Personal\\backend-myapp-v2\\vendor\\psr\\log\\src\\LoggerTrait.php(86): OpenApi\\Loggers\\DefaultLogger->log('warning', 'Required @OA\\\\Pa...', Array)
#4 C:\\laragon\\www\\Personal\\backend-myapp-v2\\vendor\\zircote\\swagger-php\\src\\Annotations\\OpenApi.php(157): Psr\\Log\\AbstractLogger->warning('Required @OA\\\\Pa...')
#5 C:\\laragon\\www\\Personal\\backend-myapp-v2\\vendor\\zircote\\swagger-php\\src\\Analysis.php(440): OpenApi\\Annotations\\OpenApi->validate()
#6 C:\\laragon\\www\\Personal\\backend-myapp-v2\\vendor\\zircote\\swagger-php\\src\\Generator.php(511): OpenApi\\Analysis->validate()
#7 C:\\laragon\\www\\Personal\\backend-myapp-v2\\vendor\\darkaonline\\l5-swagger\\src\\Generator.php(191): OpenApi\\Generator->generate(Object(Symfony\\Component\\Finder\\Finder), Object(OpenApi\\Analysis))
#8 C:\\laragon\\www\\Personal\\backend-myapp-v2\\vendor\\darkaonline\\l5-swagger\\src\\Generator.php(132): L5Swagger\\Generator->scanFilesForDocumentation()
#9 C:\\laragon\\www\\Personal\\backend-myapp-v2\\vendor\\darkaonline\\l5-swagger\\src\\Console\\GenerateDocsCommand.php(72): L5Swagger\\Generator->generateDocs()
#10 C:\\laragon\\www\\Personal\\backend-myapp-v2\\vendor\\darkaonline\\l5-swagger\\src\\Console\\GenerateDocsCommand.php(58): L5Swagger\\Console\\GenerateDocsCommand->generateDocumentation(Object(L5Swagger\\GeneratorFactory), 'default')
#11 C:\\laragon\\www\\Personal\\backend-myapp-v2\\vendor\\laravel\\framework\\src\\Illuminate\\Container\\BoundMethod.php(36): L5Swagger\\Console\\GenerateDocsCommand->handle(Object(L5Swagger\\GeneratorFactory))
#12 C:\\laragon\\www\\Personal\\backend-myapp-v2\\vendor\\laravel\\framework\\src\\Illuminate\\Container\\Util.php(41): Illuminate\\Container\\BoundMethod::Illuminate\\Container\\{closure}()
#13 C:\\laragon\\www\\Personal\\backend-myapp-v2\\vendor\\laravel\\framework\\src\\Illuminate\\Container\\BoundMethod.php(93): Illuminate\\Container\\Util::unwrapIfClosure(Object(Closure))
#14 C:\\laragon\\www\\Personal\\backend-myapp-v2\\vendor\\laravel\\framework\\src\\Illuminate\\Container\\BoundMethod.php(35): Illuminate\\Container\\BoundMethod::callBoundMethod(Object(Illuminate\\Foundation\\Application), Array, Object(Closure))
#15 C:\\laragon\\www\\Personal\\backend-myapp-v2\\vendor\\laravel\\framework\\src\\Illuminate\\Container\\Container.php(690): Illuminate\\Container\\BoundMethod::call(Object(Illuminate\\Foundation\\Application), Array, Array, NULL)
#16 C:\\laragon\\www\\Personal\\backend-myapp-v2\\vendor\\laravel\\framework\\src\\Illuminate\\Console\\Command.php(213): Illuminate\\Container\\Container->call(Array)
#17 C:\\laragon\\www\\Personal\\backend-myapp-v2\\vendor\\symfony\\console\\Command\\Command.php(279): Illuminate\\Console\\Command->execute(Object(Symfony\\Component\\Console\\Input\\ArgvInput), Object(Illuminate\\Console\\OutputStyle))
#18 C:\\laragon\\www\\Personal\\backend-myapp-v2\\vendor\\laravel\\framework\\src\\Illuminate\\Console\\Command.php(182): Symfony\\Component\\Console\\Command\\Command->run(Object(Symfony\\Component\\Console\\Input\\ArgvInput), Object(Illuminate\\Console\\OutputStyle))
#19 C:\\laragon\\www\\Personal\\backend-myapp-v2\\vendor\\symfony\\console\\Application.php(1047): Illuminate\\Console\\Command->run(Object(Symfony\\Component\\Console\\Input\\ArgvInput), Object(Symfony\\Component\\Console\\Output\\ConsoleOutput))
#20 C:\\laragon\\www\\Personal\\backend-myapp-v2\\vendor\\symfony\\console\\Application.php(316): Symfony\\Component\\Console\\Application->doRunCommand(Object(L5Swagger\\Console\\GenerateDocsCommand), Object(Symfony\\Component\\Console\\Input\\ArgvInput), Object(Symfony\\Component\\Console\\Output\\ConsoleOutput))
#21 C:\\laragon\\www\\Personal\\backend-myapp-v2\\vendor\\symfony\\console\\Application.php(167): Symfony\\Component\\Console\\Application->doRun(Object(Symfony\\Component\\Console\\Input\\ArgvInput), Object(Symfony\\Component\\Console\\Output\\ConsoleOutput))
#22 C:\\laragon\\www\\Personal\\backend-myapp-v2\\vendor\\laravel\\framework\\src\\Illuminate\\Foundation\\Console\\Kernel.php(197): Symfony\\Component\\Console\\Application->run(Object(Symfony\\Component\\Console\\Input\\ArgvInput), Object(Symfony\\Component\\Console\\Output\\ConsoleOutput))
#23 C:\\laragon\\www\\Personal\\backend-myapp-v2\\vendor\\laravel\\framework\\src\\Illuminate\\Foundation\\Application.php(1203): Illuminate\\Foundation\\Console\\Kernel->handle(Object(Symfony\\Component\\Console\\Input\\ArgvInput), Object(Symfony\\Component\\Console\\Output\\ConsoleOutput))
#24 C:\\laragon\\www\\Personal\\backend-myapp-v2\\artisan(13): Illuminate\\Foundation\\Application->handleCommand(Object(Symfony\\Component\\Console\\Input\\ArgvInput))
#25 {main}
"} 
[2025-01-05 10:10:45] local.ERROR: require(C:\laragon\www\Personal\backend-myapp-v2\bootstrap/../routes/api.php): Failed to open stream: No such file or directory {"exception":"[object] (ErrorException(code: 0): require(C:\\laragon\\www\\Personal\\backend-myapp-v2\\bootstrap/../routes/api.php): Failed to open stream: No such file or directory at C:\\laragon\\www\\Personal\\backend-myapp-v2\\vendor\\laravel\\framework\\src\\Illuminate\\Routing\\RouteFileRegistrar.php:35)
[stacktrace]
#0 C:\\laragon\\www\\Personal\\backend-myapp-v2\\vendor\\laravel\\framework\\src\\Illuminate\\Foundation\\Bootstrap\\HandleExceptions.php(256): Illuminate\\Foundation\\Bootstrap\\HandleExceptions->handleError(2, 'require(C:\\\\lara...', 'C:\\\\laragon\\\\www\\\\...', 35)
#1 C:\\laragon\\www\\Personal\\backend-myapp-v2\\vendor\\laravel\\framework\\src\\Illuminate\\Routing\\RouteFileRegistrar.php(35): Illuminate\\Foundation\\Bootstrap\\HandleExceptions->Illuminate\\Foundation\\Bootstrap\\{closure}(2, 'require(C:\\\\lara...', 'C:\\\\laragon\\\\www\\\\...', 35)
#2 C:\\laragon\\www\\Personal\\backend-myapp-v2\\vendor\\laravel\\framework\\src\\Illuminate\\Routing\\RouteFileRegistrar.php(35): require('C:\\\\laragon\\\\www\\\\...')
#3 C:\\laragon\\www\\Personal\\backend-myapp-v2\\vendor\\laravel\\framework\\src\\Illuminate\\Routing\\Router.php(513): Illuminate\\Routing\\RouteFileRegistrar->register('C:\\\\laragon\\\\www\\\\...')
#4 C:\\laragon\\www\\Personal\\backend-myapp-v2\\vendor\\laravel\\framework\\src\\Illuminate\\Routing\\Router.php(467): Illuminate\\Routing\\Router->loadRoutes('C:\\\\laragon\\\\www\\\\...')
#5 C:\\laragon\\www\\Personal\\backend-myapp-v2\\vendor\\laravel\\framework\\src\\Illuminate\\Routing\\RouteRegistrar.php(194): Illuminate\\Routing\\Router->group(Array, 'C:\\\\laragon\\\\www\\\\...')
#6 C:\\laragon\\www\\Personal\\backend-myapp-v2\\vendor\\laravel\\framework\\src\\Illuminate\\Foundation\\Configuration\\ApplicationBuilder.php(201): Illuminate\\Routing\\RouteRegistrar->group('C:\\\\laragon\\\\www\\\\...')
#7 C:\\laragon\\www\\Personal\\backend-myapp-v2\\vendor\\laravel\\framework\\src\\Illuminate\\Container\\BoundMethod.php(36): Illuminate\\Foundation\\Configuration\\ApplicationBuilder->Illuminate\\Foundation\\Configuration\\{closure}()
#8 C:\\laragon\\www\\Personal\\backend-myapp-v2\\vendor\\laravel\\framework\\src\\Illuminate\\Container\\Util.php(41): Illuminate\\Container\\BoundMethod::Illuminate\\Container\\{closure}()
#9 C:\\laragon\\www\\Personal\\backend-myapp-v2\\vendor\\laravel\\framework\\src\\Illuminate\\Container\\BoundMethod.php(81): Illuminate\\Container\\Util::unwrapIfClosure(Object(Closure))
#10 C:\\laragon\\www\\Personal\\backend-myapp-v2\\vendor\\laravel\\framework\\src\\Illuminate\\Container\\BoundMethod.php(35): Illuminate\\Container\\BoundMethod::callBoundMethod(Object(Illuminate\\Foundation\\Application), Object(Closure), Object(Closure))
#11 C:\\laragon\\www\\Personal\\backend-myapp-v2\\vendor\\laravel\\framework\\src\\Illuminate\\Container\\Container.php(690): Illuminate\\Container\\BoundMethod::call(Object(Illuminate\\Foundation\\Application), Object(Closure), Array, NULL)
#12 C:\\laragon\\www\\Personal\\backend-myapp-v2\\vendor\\laravel\\framework\\src\\Illuminate\\Foundation\\Support\\Providers\\RouteServiceProvider.php(162): Illuminate\\Container\\Container->call(Object(Closure))
#13 C:\\laragon\\www\\Personal\\backend-myapp-v2\\vendor\\laravel\\framework\\src\\Illuminate\\Foundation\\Support\\Providers\\RouteServiceProvider.php(59): Illuminate\\Foundation\\Support\\Providers\\RouteServiceProvider->loadRoutes()
#14 C:\\laragon\\www\\Personal\\backend-myapp-v2\\vendor\\laravel\\framework\\src\\Illuminate\\Container\\BoundMethod.php(36): Illuminate\\Foundation\\Support\\Providers\\RouteServiceProvider->Illuminate\\Foundation\\Support\\Providers\\{closure}()
#15 C:\\laragon\\www\\Personal\\backend-myapp-v2\\vendor\\laravel\\framework\\src\\Illuminate\\Container\\Util.php(41): Illuminate\\Container\\BoundMethod::Illuminate\\Container\\{closure}()
#16 C:\\laragon\\www\\Personal\\backend-myapp-v2\\vendor\\laravel\\framework\\src\\Illuminate\\Container\\BoundMethod.php(81): Illuminate\\Container\\Util::unwrapIfClosure(Object(Closure))
#17 C:\\laragon\\www\\Personal\\backend-myapp-v2\\vendor\\laravel\\framework\\src\\Illuminate\\Container\\BoundMethod.php(35): Illuminate\\Container\\BoundMethod::callBoundMethod(Object(Illuminate\\Foundation\\Application), Object(Closure), Object(Closure))
#18 C:\\laragon\\www\\Personal\\backend-myapp-v2\\vendor\\laravel\\framework\\src\\Illuminate\\Container\\Container.php(690): Illuminate\\Container\\BoundMethod::call(Object(Illuminate\\Foundation\\Application), Object(Closure), Array, NULL)
#19 C:\\laragon\\www\\Personal\\backend-myapp-v2\\vendor\\laravel\\framework\\src\\Illuminate\\Support\\ServiceProvider.php(130): Illuminate\\Container\\Container->call(Object(Closure))
#20 C:\\laragon\\www\\Personal\\backend-myapp-v2\\vendor\\laravel\\framework\\src\\Illuminate\\Foundation\\Application.php(1122): Illuminate\\Support\\ServiceProvider->callBootedCallbacks()
#21 C:\\laragon\\www\\Personal\\backend-myapp-v2\\vendor\\laravel\\framework\\src\\Illuminate\\Foundation\\Application.php(1100): Illuminate\\Foundation\\Application->bootProvider(Object(Illuminate\\Foundation\\Support\\Providers\\RouteServiceProvider))
#22 [internal function]: Illuminate\\Foundation\\Application->Illuminate\\Foundation\\{closure}(Object(Illuminate\\Foundation\\Support\\Providers\\RouteServiceProvider), 'Illuminate\\\\Foun...')
#23 C:\\laragon\\www\\Personal\\backend-myapp-v2\\vendor\\laravel\\framework\\src\\Illuminate\\Foundation\\Application.php(1099): array_walk(Array, Object(Closure))
#24 C:\\laragon\\www\\Personal\\backend-myapp-v2\\vendor\\laravel\\framework\\src\\Illuminate\\Foundation\\Bootstrap\\BootProviders.php(17): Illuminate\\Foundation\\Application->boot()
#25 C:\\laragon\\www\\Personal\\backend-myapp-v2\\vendor\\laravel\\framework\\src\\Illuminate\\Foundation\\Application.php(316): Illuminate\\Foundation\\Bootstrap\\BootProviders->bootstrap(Object(Illuminate\\Foundation\\Application))
#26 C:\\laragon\\www\\Personal\\backend-myapp-v2\\vendor\\laravel\\framework\\src\\Illuminate\\Foundation\\Console\\Kernel.php(473): Illuminate\\Foundation\\Application->bootstrapWith(Array)
#27 C:\\laragon\\www\\Personal\\backend-myapp-v2\\vendor\\laravel\\framework\\src\\Illuminate\\Foundation\\Console\\Kernel.php(195): Illuminate\\Foundation\\Console\\Kernel->bootstrap()
#28 C:\\laragon\\www\\Personal\\backend-myapp-v2\\vendor\\laravel\\framework\\src\\Illuminate\\Foundation\\Application.php(1203): Illuminate\\Foundation\\Console\\Kernel->handle(Object(Symfony\\Component\\Console\\Input\\ArgvInput), Object(Symfony\\Component\\Console\\Output\\ConsoleOutput))
#29 C:\\laragon\\www\\Personal\\backend-myapp-v2\\artisan(13): Illuminate\\Foundation\\Application->handleCommand(Object(Symfony\\Component\\Console\\Input\\ArgvInput))
#30 {main}
"} 
[2025-01-05 10:11:00] local.ERROR: Required @OA\PathItem() not found {"exception":"[object] (ErrorException(code: 0): Required @OA\\PathItem() not found at C:\\laragon\\www\\Personal\\backend-myapp-v2\\vendor\\zircote\\swagger-php\\src\\Loggers\\DefaultLogger.php:31)
[stacktrace]
#0 C:\\laragon\\www\\Personal\\backend-myapp-v2\\vendor\\laravel\\framework\\src\\Illuminate\\Foundation\\Bootstrap\\HandleExceptions.php(256): Illuminate\\Foundation\\Bootstrap\\HandleExceptions->handleError(512, 'Required @OA\\\\Pa...', 'C:\\\\laragon\\\\www\\\\...', 31)
#1 [internal function]: Illuminate\\Foundation\\Bootstrap\\HandleExceptions->Illuminate\\Foundation\\Bootstrap\\{closure}(512, 'Required @OA\\\\Pa...', 'C:\\\\laragon\\\\www\\\\...', 31)
#2 C:\\laragon\\www\\Personal\\backend-myapp-v2\\vendor\\zircote\\swagger-php\\src\\Loggers\\DefaultLogger.php(31): trigger_error('Required @OA\\\\Pa...', 512)
#3 C:\\laragon\\www\\Personal\\backend-myapp-v2\\vendor\\psr\\log\\src\\LoggerTrait.php(86): OpenApi\\Loggers\\DefaultLogger->log('warning', 'Required @OA\\\\Pa...', Array)
#4 C:\\laragon\\www\\Personal\\backend-myapp-v2\\vendor\\zircote\\swagger-php\\src\\Annotations\\OpenApi.php(157): Psr\\Log\\AbstractLogger->warning('Required @OA\\\\Pa...')
#5 C:\\laragon\\www\\Personal\\backend-myapp-v2\\vendor\\zircote\\swagger-php\\src\\Analysis.php(440): OpenApi\\Annotations\\OpenApi->validate()
#6 C:\\laragon\\www\\Personal\\backend-myapp-v2\\vendor\\zircote\\swagger-php\\src\\Generator.php(511): OpenApi\\Analysis->validate()
#7 C:\\laragon\\www\\Personal\\backend-myapp-v2\\vendor\\darkaonline\\l5-swagger\\src\\Generator.php(191): OpenApi\\Generator->generate(Object(Symfony\\Component\\Finder\\Finder), Object(OpenApi\\Analysis))
#8 C:\\laragon\\www\\Personal\\backend-myapp-v2\\vendor\\darkaonline\\l5-swagger\\src\\Generator.php(132): L5Swagger\\Generator->scanFilesForDocumentation()
#9 C:\\laragon\\www\\Personal\\backend-myapp-v2\\vendor\\darkaonline\\l5-swagger\\src\\Console\\GenerateDocsCommand.php(72): L5Swagger\\Generator->generateDocs()
#10 C:\\laragon\\www\\Personal\\backend-myapp-v2\\vendor\\darkaonline\\l5-swagger\\src\\Console\\GenerateDocsCommand.php(58): L5Swagger\\Console\\GenerateDocsCommand->generateDocumentation(Object(L5Swagger\\GeneratorFactory), 'default')
#11 C:\\laragon\\www\\Personal\\backend-myapp-v2\\vendor\\laravel\\framework\\src\\Illuminate\\Container\\BoundMethod.php(36): L5Swagger\\Console\\GenerateDocsCommand->handle(Object(L5Swagger\\GeneratorFactory))
#12 C:\\laragon\\www\\Personal\\backend-myapp-v2\\vendor\\laravel\\framework\\src\\Illuminate\\Container\\Util.php(41): Illuminate\\Container\\BoundMethod::Illuminate\\Container\\{closure}()
#13 C:\\laragon\\www\\Personal\\backend-myapp-v2\\vendor\\laravel\\framework\\src\\Illuminate\\Container\\BoundMethod.php(93): Illuminate\\Container\\Util::unwrapIfClosure(Object(Closure))
#14 C:\\laragon\\www\\Personal\\backend-myapp-v2\\vendor\\laravel\\framework\\src\\Illuminate\\Container\\BoundMethod.php(35): Illuminate\\Container\\BoundMethod::callBoundMethod(Object(Illuminate\\Foundation\\Application), Array, Object(Closure))
#15 C:\\laragon\\www\\Personal\\backend-myapp-v2\\vendor\\laravel\\framework\\src\\Illuminate\\Container\\Container.php(690): Illuminate\\Container\\BoundMethod::call(Object(Illuminate\\Foundation\\Application), Array, Array, NULL)
#16 C:\\laragon\\www\\Personal\\backend-myapp-v2\\vendor\\laravel\\framework\\src\\Illuminate\\Console\\Command.php(213): Illuminate\\Container\\Container->call(Array)
#17 C:\\laragon\\www\\Personal\\backend-myapp-v2\\vendor\\symfony\\console\\Command\\Command.php(279): Illuminate\\Console\\Command->execute(Object(Symfony\\Component\\Console\\Input\\ArgvInput), Object(Illuminate\\Console\\OutputStyle))
#18 C:\\laragon\\www\\Personal\\backend-myapp-v2\\vendor\\laravel\\framework\\src\\Illuminate\\Console\\Command.php(182): Symfony\\Component\\Console\\Command\\Command->run(Object(Symfony\\Component\\Console\\Input\\ArgvInput), Object(Illuminate\\Console\\OutputStyle))
#19 C:\\laragon\\www\\Personal\\backend-myapp-v2\\vendor\\symfony\\console\\Application.php(1047): Illuminate\\Console\\Command->run(Object(Symfony\\Component\\Console\\Input\\ArgvInput), Object(Symfony\\Component\\Console\\Output\\ConsoleOutput))
#20 C:\\laragon\\www\\Personal\\backend-myapp-v2\\vendor\\symfony\\console\\Application.php(316): Symfony\\Component\\Console\\Application->doRunCommand(Object(L5Swagger\\Console\\GenerateDocsCommand), Object(Symfony\\Component\\Console\\Input\\ArgvInput), Object(Symfony\\Component\\Console\\Output\\ConsoleOutput))
#21 C:\\laragon\\www\\Personal\\backend-myapp-v2\\vendor\\symfony\\console\\Application.php(167): Symfony\\Component\\Console\\Application->doRun(Object(Symfony\\Component\\Console\\Input\\ArgvInput), Object(Symfony\\Component\\Console\\Output\\ConsoleOutput))
#22 C:\\laragon\\www\\Personal\\backend-myapp-v2\\vendor\\laravel\\framework\\src\\Illuminate\\Foundation\\Console\\Kernel.php(197): Symfony\\Component\\Console\\Application->run(Object(Symfony\\Component\\Console\\Input\\ArgvInput), Object(Symfony\\Component\\Console\\Output\\ConsoleOutput))
#23 C:\\laragon\\www\\Personal\\backend-myapp-v2\\vendor\\laravel\\framework\\src\\Illuminate\\Foundation\\Application.php(1203): Illuminate\\Foundation\\Console\\Kernel->handle(Object(Symfony\\Component\\Console\\Input\\ArgvInput), Object(Symfony\\Component\\Console\\Output\\ConsoleOutput))
#24 C:\\laragon\\www\\Personal\\backend-myapp-v2\\artisan(13): Illuminate\\Foundation\\Application->handleCommand(Object(Symfony\\Component\\Console\\Input\\ArgvInput))
#25 {main}
"} 
[2025-01-05 10:11:29] local.ERROR: Required @OA\PathItem() not found {"exception":"[object] (ErrorException(code: 0): Required @OA\\PathItem() not found at C:\\laragon\\www\\Personal\\backend-myapp-v2\\vendor\\zircote\\swagger-php\\src\\Loggers\\DefaultLogger.php:31)
[stacktrace]
#0 C:\\laragon\\www\\Personal\\backend-myapp-v2\\vendor\\laravel\\framework\\src\\Illuminate\\Foundation\\Bootstrap\\HandleExceptions.php(256): Illuminate\\Foundation\\Bootstrap\\HandleExceptions->handleError(512, 'Required @OA\\\\Pa...', 'C:\\\\laragon\\\\www\\\\...', 31)
#1 [internal function]: Illuminate\\Foundation\\Bootstrap\\HandleExceptions->Illuminate\\Foundation\\Bootstrap\\{closure}(512, 'Required @OA\\\\Pa...', 'C:\\\\laragon\\\\www\\\\...', 31)
#2 C:\\laragon\\www\\Personal\\backend-myapp-v2\\vendor\\zircote\\swagger-php\\src\\Loggers\\DefaultLogger.php(31): trigger_error('Required @OA\\\\Pa...', 512)
#3 C:\\laragon\\www\\Personal\\backend-myapp-v2\\vendor\\psr\\log\\src\\LoggerTrait.php(86): OpenApi\\Loggers\\DefaultLogger->log('warning', 'Required @OA\\\\Pa...', Array)
#4 C:\\laragon\\www\\Personal\\backend-myapp-v2\\vendor\\zircote\\swagger-php\\src\\Annotations\\OpenApi.php(157): Psr\\Log\\AbstractLogger->warning('Required @OA\\\\Pa...')
#5 C:\\laragon\\www\\Personal\\backend-myapp-v2\\vendor\\zircote\\swagger-php\\src\\Analysis.php(440): OpenApi\\Annotations\\OpenApi->validate()
#6 C:\\laragon\\www\\Personal\\backend-myapp-v2\\vendor\\zircote\\swagger-php\\src\\Generator.php(511): OpenApi\\Analysis->validate()
#7 C:\\laragon\\www\\Personal\\backend-myapp-v2\\vendor\\darkaonline\\l5-swagger\\src\\Generator.php(191): OpenApi\\Generator->generate(Object(Symfony\\Component\\Finder\\Finder), Object(OpenApi\\Analysis))
#8 C:\\laragon\\www\\Personal\\backend-myapp-v2\\vendor\\darkaonline\\l5-swagger\\src\\Generator.php(132): L5Swagger\\Generator->scanFilesForDocumentation()
#9 C:\\laragon\\www\\Personal\\backend-myapp-v2\\vendor\\darkaonline\\l5-swagger\\src\\Console\\GenerateDocsCommand.php(72): L5Swagger\\Generator->generateDocs()
#10 C:\\laragon\\www\\Personal\\backend-myapp-v2\\vendor\\darkaonline\\l5-swagger\\src\\Console\\GenerateDocsCommand.php(58): L5Swagger\\Console\\GenerateDocsCommand->generateDocumentation(Object(L5Swagger\\GeneratorFactory), 'default')
#11 C:\\laragon\\www\\Personal\\backend-myapp-v2\\vendor\\laravel\\framework\\src\\Illuminate\\Container\\BoundMethod.php(36): L5Swagger\\Console\\GenerateDocsCommand->handle(Object(L5Swagger\\GeneratorFactory))
#12 C:\\laragon\\www\\Personal\\backend-myapp-v2\\vendor\\laravel\\framework\\src\\Illuminate\\Container\\Util.php(41): Illuminate\\Container\\BoundMethod::Illuminate\\Container\\{closure}()
#13 C:\\laragon\\www\\Personal\\backend-myapp-v2\\vendor\\laravel\\framework\\src\\Illuminate\\Container\\BoundMethod.php(93): Illuminate\\Container\\Util::unwrapIfClosure(Object(Closure))
#14 C:\\laragon\\www\\Personal\\backend-myapp-v2\\vendor\\laravel\\framework\\src\\Illuminate\\Container\\BoundMethod.php(35): Illuminate\\Container\\BoundMethod::callBoundMethod(Object(Illuminate\\Foundation\\Application), Array, Object(Closure))
#15 C:\\laragon\\www\\Personal\\backend-myapp-v2\\vendor\\laravel\\framework\\src\\Illuminate\\Container\\Container.php(690): Illuminate\\Container\\BoundMethod::call(Object(Illuminate\\Foundation\\Application), Array, Array, NULL)
#16 C:\\laragon\\www\\Personal\\backend-myapp-v2\\vendor\\laravel\\framework\\src\\Illuminate\\Console\\Command.php(213): Illuminate\\Container\\Container->call(Array)
#17 C:\\laragon\\www\\Personal\\backend-myapp-v2\\vendor\\symfony\\console\\Command\\Command.php(279): Illuminate\\Console\\Command->execute(Object(Symfony\\Component\\Console\\Input\\ArgvInput), Object(Illuminate\\Console\\OutputStyle))
#18 C:\\laragon\\www\\Personal\\backend-myapp-v2\\vendor\\laravel\\framework\\src\\Illuminate\\Console\\Command.php(182): Symfony\\Component\\Console\\Command\\Command->run(Object(Symfony\\Component\\Console\\Input\\ArgvInput), Object(Illuminate\\Console\\OutputStyle))
#19 C:\\laragon\\www\\Personal\\backend-myapp-v2\\vendor\\symfony\\console\\Application.php(1047): Illuminate\\Console\\Command->run(Object(Symfony\\Component\\Console\\Input\\ArgvInput), Object(Symfony\\Component\\Console\\Output\\ConsoleOutput))
#20 C:\\laragon\\www\\Personal\\backend-myapp-v2\\vendor\\symfony\\console\\Application.php(316): Symfony\\Component\\Console\\Application->doRunCommand(Object(L5Swagger\\Console\\GenerateDocsCommand), Object(Symfony\\Component\\Console\\Input\\ArgvInput), Object(Symfony\\Component\\Console\\Output\\ConsoleOutput))
#21 C:\\laragon\\www\\Personal\\backend-myapp-v2\\vendor\\symfony\\console\\Application.php(167): Symfony\\Component\\Console\\Application->doRun(Object(Symfony\\Component\\Console\\Input\\ArgvInput), Object(Symfony\\Component\\Console\\Output\\ConsoleOutput))
#22 C:\\laragon\\www\\Personal\\backend-myapp-v2\\vendor\\laravel\\framework\\src\\Illuminate\\Foundation\\Console\\Kernel.php(197): Symfony\\Component\\Console\\Application->run(Object(Symfony\\Component\\Console\\Input\\ArgvInput), Object(Symfony\\Component\\Console\\Output\\ConsoleOutput))
#23 C:\\laragon\\www\\Personal\\backend-myapp-v2\\vendor\\laravel\\framework\\src\\Illuminate\\Foundation\\Application.php(1203): Illuminate\\Foundation\\Console\\Kernel->handle(Object(Symfony\\Component\\Console\\Input\\ArgvInput), Object(Symfony\\Component\\Console\\Output\\ConsoleOutput))
#24 C:\\laragon\\www\\Personal\\backend-myapp-v2\\artisan(13): Illuminate\\Foundation\\Application->handleCommand(Object(Symfony\\Component\\Console\\Input\\ArgvInput))
#25 {main}
"} 
[2025-01-05 10:13:10] local.ERROR: Required @OA\PathItem() not found {"exception":"[object] (ErrorException(code: 0): Required @OA\\PathItem() not found at C:\\laragon\\www\\Personal\\backend-myapp-v2\\vendor\\zircote\\swagger-php\\src\\Loggers\\DefaultLogger.php:31)
[stacktrace]
#0 C:\\laragon\\www\\Personal\\backend-myapp-v2\\vendor\\laravel\\framework\\src\\Illuminate\\Foundation\\Bootstrap\\HandleExceptions.php(256): Illuminate\\Foundation\\Bootstrap\\HandleExceptions->handleError(512, 'Required @OA\\\\Pa...', 'C:\\\\laragon\\\\www\\\\...', 31)
#1 [internal function]: Illuminate\\Foundation\\Bootstrap\\HandleExceptions->Illuminate\\Foundation\\Bootstrap\\{closure}(512, 'Required @OA\\\\Pa...', 'C:\\\\laragon\\\\www\\\\...', 31)
#2 C:\\laragon\\www\\Personal\\backend-myapp-v2\\vendor\\zircote\\swagger-php\\src\\Loggers\\DefaultLogger.php(31): trigger_error('Required @OA\\\\Pa...', 512)
#3 C:\\laragon\\www\\Personal\\backend-myapp-v2\\vendor\\psr\\log\\src\\LoggerTrait.php(86): OpenApi\\Loggers\\DefaultLogger->log('warning', 'Required @OA\\\\Pa...', Array)
#4 C:\\laragon\\www\\Personal\\backend-myapp-v2\\vendor\\zircote\\swagger-php\\src\\Annotations\\OpenApi.php(157): Psr\\Log\\AbstractLogger->warning('Required @OA\\\\Pa...')
#5 C:\\laragon\\www\\Personal\\backend-myapp-v2\\vendor\\zircote\\swagger-php\\src\\Analysis.php(440): OpenApi\\Annotations\\OpenApi->validate()
#6 C:\\laragon\\www\\Personal\\backend-myapp-v2\\vendor\\zircote\\swagger-php\\src\\Generator.php(511): OpenApi\\Analysis->validate()
#7 C:\\laragon\\www\\Personal\\backend-myapp-v2\\vendor\\darkaonline\\l5-swagger\\src\\Generator.php(191): OpenApi\\Generator->generate(Object(Symfony\\Component\\Finder\\Finder), Object(OpenApi\\Analysis))
#8 C:\\laragon\\www\\Personal\\backend-myapp-v2\\vendor\\darkaonline\\l5-swagger\\src\\Generator.php(132): L5Swagger\\Generator->scanFilesForDocumentation()
#9 C:\\laragon\\www\\Personal\\backend-myapp-v2\\vendor\\darkaonline\\l5-swagger\\src\\Console\\GenerateDocsCommand.php(72): L5Swagger\\Generator->generateDocs()
#10 C:\\laragon\\www\\Personal\\backend-myapp-v2\\vendor\\darkaonline\\l5-swagger\\src\\Console\\GenerateDocsCommand.php(58): L5Swagger\\Console\\GenerateDocsCommand->generateDocumentation(Object(L5Swagger\\GeneratorFactory), 'default')
#11 C:\\laragon\\www\\Personal\\backend-myapp-v2\\vendor\\laravel\\framework\\src\\Illuminate\\Container\\BoundMethod.php(36): L5Swagger\\Console\\GenerateDocsCommand->handle(Object(L5Swagger\\GeneratorFactory))
#12 C:\\laragon\\www\\Personal\\backend-myapp-v2\\vendor\\laravel\\framework\\src\\Illuminate\\Container\\Util.php(41): Illuminate\\Container\\BoundMethod::Illuminate\\Container\\{closure}()
#13 C:\\laragon\\www\\Personal\\backend-myapp-v2\\vendor\\laravel\\framework\\src\\Illuminate\\Container\\BoundMethod.php(93): Illuminate\\Container\\Util::unwrapIfClosure(Object(Closure))
#14 C:\\laragon\\www\\Personal\\backend-myapp-v2\\vendor\\laravel\\framework\\src\\Illuminate\\Container\\BoundMethod.php(35): Illuminate\\Container\\BoundMethod::callBoundMethod(Object(Illuminate\\Foundation\\Application), Array, Object(Closure))
#15 C:\\laragon\\www\\Personal\\backend-myapp-v2\\vendor\\laravel\\framework\\src\\Illuminate\\Container\\Container.php(690): Illuminate\\Container\\BoundMethod::call(Object(Illuminate\\Foundation\\Application), Array, Array, NULL)
#16 C:\\laragon\\www\\Personal\\backend-myapp-v2\\vendor\\laravel\\framework\\src\\Illuminate\\Console\\Command.php(213): Illuminate\\Container\\Container->call(Array)
#17 C:\\laragon\\www\\Personal\\backend-myapp-v2\\vendor\\symfony\\console\\Command\\Command.php(279): Illuminate\\Console\\Command->execute(Object(Symfony\\Component\\Console\\Input\\ArgvInput), Object(Illuminate\\Console\\OutputStyle))
#18 C:\\laragon\\www\\Personal\\backend-myapp-v2\\vendor\\laravel\\framework\\src\\Illuminate\\Console\\Command.php(182): Symfony\\Component\\Console\\Command\\Command->run(Object(Symfony\\Component\\Console\\Input\\ArgvInput), Object(Illuminate\\Console\\OutputStyle))
#19 C:\\laragon\\www\\Personal\\backend-myapp-v2\\vendor\\symfony\\console\\Application.php(1047): Illuminate\\Console\\Command->run(Object(Symfony\\Component\\Console\\Input\\ArgvInput), Object(Symfony\\Component\\Console\\Output\\ConsoleOutput))
#20 C:\\laragon\\www\\Personal\\backend-myapp-v2\\vendor\\symfony\\console\\Application.php(316): Symfony\\Component\\Console\\Application->doRunCommand(Object(L5Swagger\\Console\\GenerateDocsCommand), Object(Symfony\\Component\\Console\\Input\\ArgvInput), Object(Symfony\\Component\\Console\\Output\\ConsoleOutput))
#21 C:\\laragon\\www\\Personal\\backend-myapp-v2\\vendor\\symfony\\console\\Application.php(167): Symfony\\Component\\Console\\Application->doRun(Object(Symfony\\Component\\Console\\Input\\ArgvInput), Object(Symfony\\Component\\Console\\Output\\ConsoleOutput))
#22 C:\\laragon\\www\\Personal\\backend-myapp-v2\\vendor\\laravel\\framework\\src\\Illuminate\\Foundation\\Console\\Kernel.php(197): Symfony\\Component\\Console\\Application->run(Object(Symfony\\Component\\Console\\Input\\ArgvInput), Object(Symfony\\Component\\Console\\Output\\ConsoleOutput))
#23 C:\\laragon\\www\\Personal\\backend-myapp-v2\\vendor\\laravel\\framework\\src\\Illuminate\\Foundation\\Application.php(1203): Illuminate\\Foundation\\Console\\Kernel->handle(Object(Symfony\\Component\\Console\\Input\\ArgvInput), Object(Symfony\\Component\\Console\\Output\\ConsoleOutput))
#24 C:\\laragon\\www\\Personal\\backend-myapp-v2\\artisan(13): Illuminate\\Foundation\\Application->handleCommand(Object(Symfony\\Component\\Console\\Input\\ArgvInput))
#25 {main}
"} 
[2025-01-05 10:13:47] local.ERROR: Required @OA\PathItem() not found {"exception":"[object] (ErrorException(code: 0): Required @OA\\PathItem() not found at C:\\laragon\\www\\Personal\\backend-myapp-v2\\vendor\\zircote\\swagger-php\\src\\Loggers\\DefaultLogger.php:31)
[stacktrace]
#0 C:\\laragon\\www\\Personal\\backend-myapp-v2\\vendor\\laravel\\framework\\src\\Illuminate\\Foundation\\Bootstrap\\HandleExceptions.php(256): Illuminate\\Foundation\\Bootstrap\\HandleExceptions->handleError(512, 'Required @OA\\\\Pa...', 'C:\\\\laragon\\\\www\\\\...', 31)
#1 [internal function]: Illuminate\\Foundation\\Bootstrap\\HandleExceptions->Illuminate\\Foundation\\Bootstrap\\{closure}(512, 'Required @OA\\\\Pa...', 'C:\\\\laragon\\\\www\\\\...', 31)
#2 C:\\laragon\\www\\Personal\\backend-myapp-v2\\vendor\\zircote\\swagger-php\\src\\Loggers\\DefaultLogger.php(31): trigger_error('Required @OA\\\\Pa...', 512)
#3 C:\\laragon\\www\\Personal\\backend-myapp-v2\\vendor\\psr\\log\\src\\LoggerTrait.php(86): OpenApi\\Loggers\\DefaultLogger->log('warning', 'Required @OA\\\\Pa...', Array)
#4 C:\\laragon\\www\\Personal\\backend-myapp-v2\\vendor\\zircote\\swagger-php\\src\\Annotations\\OpenApi.php(157): Psr\\Log\\AbstractLogger->warning('Required @OA\\\\Pa...')
#5 C:\\laragon\\www\\Personal\\backend-myapp-v2\\vendor\\zircote\\swagger-php\\src\\Analysis.php(440): OpenApi\\Annotations\\OpenApi->validate()
#6 C:\\laragon\\www\\Personal\\backend-myapp-v2\\vendor\\zircote\\swagger-php\\src\\Generator.php(511): OpenApi\\Analysis->validate()
#7 C:\\laragon\\www\\Personal\\backend-myapp-v2\\vendor\\darkaonline\\l5-swagger\\src\\Generator.php(191): OpenApi\\Generator->generate(Object(Symfony\\Component\\Finder\\Finder), Object(OpenApi\\Analysis))
#8 C:\\laragon\\www\\Personal\\backend-myapp-v2\\vendor\\darkaonline\\l5-swagger\\src\\Generator.php(132): L5Swagger\\Generator->scanFilesForDocumentation()
#9 C:\\laragon\\www\\Personal\\backend-myapp-v2\\vendor\\darkaonline\\l5-swagger\\src\\Console\\GenerateDocsCommand.php(72): L5Swagger\\Generator->generateDocs()
#10 C:\\laragon\\www\\Personal\\backend-myapp-v2\\vendor\\darkaonline\\l5-swagger\\src\\Console\\GenerateDocsCommand.php(58): L5Swagger\\Console\\GenerateDocsCommand->generateDocumentation(Object(L5Swagger\\GeneratorFactory), 'default')
#11 C:\\laragon\\www\\Personal\\backend-myapp-v2\\vendor\\laravel\\framework\\src\\Illuminate\\Container\\BoundMethod.php(36): L5Swagger\\Console\\GenerateDocsCommand->handle(Object(L5Swagger\\GeneratorFactory))
#12 C:\\laragon\\www\\Personal\\backend-myapp-v2\\vendor\\laravel\\framework\\src\\Illuminate\\Container\\Util.php(41): Illuminate\\Container\\BoundMethod::Illuminate\\Container\\{closure}()
#13 C:\\laragon\\www\\Personal\\backend-myapp-v2\\vendor\\laravel\\framework\\src\\Illuminate\\Container\\BoundMethod.php(93): Illuminate\\Container\\Util::unwrapIfClosure(Object(Closure))
#14 C:\\laragon\\www\\Personal\\backend-myapp-v2\\vendor\\laravel\\framework\\src\\Illuminate\\Container\\BoundMethod.php(35): Illuminate\\Container\\BoundMethod::callBoundMethod(Object(Illuminate\\Foundation\\Application), Array, Object(Closure))
#15 C:\\laragon\\www\\Personal\\backend-myapp-v2\\vendor\\laravel\\framework\\src\\Illuminate\\Container\\Container.php(690): Illuminate\\Container\\BoundMethod::call(Object(Illuminate\\Foundation\\Application), Array, Array, NULL)
#16 C:\\laragon\\www\\Personal\\backend-myapp-v2\\vendor\\laravel\\framework\\src\\Illuminate\\Console\\Command.php(213): Illuminate\\Container\\Container->call(Array)
#17 C:\\laragon\\www\\Personal\\backend-myapp-v2\\vendor\\symfony\\console\\Command\\Command.php(279): Illuminate\\Console\\Command->execute(Object(Symfony\\Component\\Console\\Input\\ArgvInput), Object(Illuminate\\Console\\OutputStyle))
#18 C:\\laragon\\www\\Personal\\backend-myapp-v2\\vendor\\laravel\\framework\\src\\Illuminate\\Console\\Command.php(182): Symfony\\Component\\Console\\Command\\Command->run(Object(Symfony\\Component\\Console\\Input\\ArgvInput), Object(Illuminate\\Console\\OutputStyle))
#19 C:\\laragon\\www\\Personal\\backend-myapp-v2\\vendor\\symfony\\console\\Application.php(1047): Illuminate\\Console\\Command->run(Object(Symfony\\Component\\Console\\Input\\ArgvInput), Object(Symfony\\Component\\Console\\Output\\ConsoleOutput))
#20 C:\\laragon\\www\\Personal\\backend-myapp-v2\\vendor\\symfony\\console\\Application.php(316): Symfony\\Component\\Console\\Application->doRunCommand(Object(L5Swagger\\Console\\GenerateDocsCommand), Object(Symfony\\Component\\Console\\Input\\ArgvInput), Object(Symfony\\Component\\Console\\Output\\ConsoleOutput))
#21 C:\\laragon\\www\\Personal\\backend-myapp-v2\\vendor\\symfony\\console\\Application.php(167): Symfony\\Component\\Console\\Application->doRun(Object(Symfony\\Component\\Console\\Input\\ArgvInput), Object(Symfony\\Component\\Console\\Output\\ConsoleOutput))
#22 C:\\laragon\\www\\Personal\\backend-myapp-v2\\vendor\\laravel\\framework\\src\\Illuminate\\Foundation\\Console\\Kernel.php(197): Symfony\\Component\\Console\\Application->run(Object(Symfony\\Component\\Console\\Input\\ArgvInput), Object(Symfony\\Component\\Console\\Output\\ConsoleOutput))
#23 C:\\laragon\\www\\Personal\\backend-myapp-v2\\vendor\\laravel\\framework\\src\\Illuminate\\Foundation\\Application.php(1203): Illuminate\\Foundation\\Console\\Kernel->handle(Object(Symfony\\Component\\Console\\Input\\ArgvInput), Object(Symfony\\Component\\Console\\Output\\ConsoleOutput))
#24 C:\\laragon\\www\\Personal\\backend-myapp-v2\\artisan(13): Illuminate\\Foundation\\Application->handleCommand(Object(Symfony\\Component\\Console\\Input\\ArgvInput))
#25 {main}
"} 
